Starting month,Cultivation Time,Min-Temp ,Max-Temp ,Rainfall Requirement,Humidity  ,Crops,Irrigation,dis,Soil,area ,production
6,3,24,28,956,69,Rice,0,Ratnagiri,1,1254.0,2000
6,3,25,26,1200,85,Rice,0,Ratnagiri,1,2.0,1
6,3,26,31,1540,82,Rice,0,Ratnagiri,3,102.0,321
6,3,24,26,1345,79,Rice,0,Ratnagiri,3,176.0,641
6,3,23,27,1111,67,Rice,0,Ratnagiri,3,720.0,165
6,3,19,27,965,89,Rice,0,Ratnagiri,1,18168.0,65100000
6,3,20,29,899,79,Rice,0,Ratnagiri,1,36.0,100
6,3,22,37,946,69,Rice,0,Ratnagiri,1,1.0,2
6,3,24,28,1005,85,Rice,0,Ratnagiri,3,5.0,15
6,3,23,32,1124,81,Rice,0,Ratnagiri,3,40.0,169
6,3,21,31,1216,76,Rice,0,Ratnagiri,3,1254.0,2061
6,3,24,28,1345,89,Rice,0,Ratnagiri,1,2.0,1
6,3,25,29,1150,84,Rice,0,Ratnagiri,1,83.0,300
6,3,26,29,1452,76,Rice,0,Ratnagiri,3,719.0,192
6,3,24,31,1564,84,Rice,0,Ratnagiri,3,18190.0,64430000
6,3,23,32,957,85,Rice,0,Ratnagiri,3,46.0,100
6,3,19,27,913,76,Rice,0,Ratnagiri,1,1.0,1
6,3,20,28,1045,64,Rice,0,Ratnagiri,1,11.0,33
6,3,22,28,1354,91,Rice,0,Ratnagiri,1,189.2,510.84
6,3,24,31,1548,90,Rice,0,Ratnagiri,3,1258.0,2083
6,3,23,30,1124,85,Rice,0,Ratnagiri,3,213.0,1278
6,3,21,31,1345,84,Rice,0,Ratnagiri,3,63.0,13.5
6,3,24,28,1048,85,Rice,0,Ratnagiri,1,719.0,208
6,3,23,32,1345,81,Rice,0,Ratnagiri,1,18240.0,67490000
6,3,21,31,1114,76,Rice,0,Ratnagiri,3,413.0,28.8
6,3,24,28,989,89,Rice,0,Ratnagiri,3,47.3,133
6,3,25,29,1678,84,Rice,0,Ratnagiri,3,5.0,40
6,3,26,29,1345,76,Rice,0,Ratnagiri,1,52.0,90.17
6,3,24,31,1248,84,Rice,0,Ratnagiri,1,1261.0,1525
6,3,23,32,1154,85,Rice,0,Ratnagiri,1,266.0,1763
6,3,19,27,968,76,Rice,0,Ratnagiri,3,75.5,15.86
6,3,20,28,1345,64,Rice,0,Ratnagiri,3,717.0,208.5
6,3,22,28,1000,91,Rice,0,Ratnagiri,3,18284.74,68580000
6,3,24,31,1467,90,Rice,0,Ratnagiri,1,60.0,102
6,3,23,30,1258,85,Rice,0,Ratnagiri,1,102.0,326.4
6,3,21,31,1345,84,Rice,0,Ratnagiri,3,4.2,0.3
6,3,24,28,956,69,Rice,1,Ratnagiri,3,52.94,72.57
6,3,25,26,1200,85,Rice,1,Ratnagiri,3,1264.7,805.85
6,3,26,31,1540,82,Rice,1,Ratnagiri,1,66.42,404.12
6,3,24,26,1345,79,Rice,1,Ratnagiri,1,85.0,15.86
6,3,23,27,1111,67,Rice,1,Ratnagiri,1,683.5,197.9
6,3,19,27,965,89,Rice,1,Ratnagiri,3,18394.7,52380000
6,3,20,29,899,79,Rice,1,Ratnagiri,3,60.0,145.2
6,3,22,37,946,69,Rice,1,Ratnagiri,3,118.0,366
6,3,24,28,1005,85,Rice,1,Ratnagiri,1,1.0,0.11
6,3,23,32,1124,81,Rice,1,Ratnagiri,1,2.09,12.06
6,3,21,31,1216,76,Rice,1,Ratnagiri,3,795.67,0
6,3,24,28,1345,89,Rice,1,Ratnagiri,3,22.0,582
6,3,25,29,1150,84,Rice,1,Ratnagiri,3,41.0,0.1
6,3,26,29,1452,76,Rice,1,Ratnagiri,1,450.0,55.8
6,3,24,31,1564,84,Rice,1,Ratnagiri,1,13876.57,52030000
6,3,23,32,957,85,Rice,1,Ratnagiri,1,17.0,0
6,3,19,27,913,76,Rice,1,Ratnagiri,3,10.0,70
6,3,20,28,1045,64,Rice,1,Ratnagiri,3,896.0,477.6
6,3,22,28,1354,91,Rice,1,Ratnagiri,3,198.0,976
6,3,24,31,1548,90,Rice,1,Ratnagiri,1,22.16,0.68
6,3,23,30,1124,85,Rice,1,Ratnagiri,1,450.0,85.13
6,3,21,31,1345,84,Rice,1,Ratnagiri,3,14358.0,59370000
6,3,24,28,1048,85,Rice,1,Ratnagiri,3,3.0,9
6,3,23,32,1345,81,Rice,1,Ratnagiri,3,6.0,21
6,3,21,31,1114,76,Rice,1,Ratnagiri,1,0.2,0.5
6,3,24,28,989,89,Rice,1,Ratnagiri,1,18.0,86
6,3,25,29,1678,84,Rice,1,Ratnagiri,1,52.03,450
6,3,26,29,1345,76,Rice,1,Ratnagiri,3,2.5,1.03
6,3,24,31,1248,84,Rice,1,Ratnagiri,3,3.5,10
6,3,23,32,1154,85,Rice,1,Ratnagiri,3,13.4,41.75
6,3,19,27,968,76,Rice,1,Ratnagiri,1,944.0,1610
6,3,20,28,1345,64,Rice,1,Ratnagiri,1,23.0,8.5
6,3,22,28,1000,91,Rice,1,Ratnagiri,3,1000.5,260.5
6,3,24,31,1467,90,Rice,1,Ratnagiri,3,12.0,25
6,3,23,30,1258,85,Rice,1,Ratnagiri,3,7.0,9.64
6,3,21,31,1345,84,Rice,1,Ratnagiri,1,3.84,18.22
6,18,24,28,460,72,Sugarcane,0,Ratnagiri,1,1.5,1.1
6,18,23,29,578,64,Sugarcane,0,Ratnagiri,2,22.0,208
6,18,21,30,358,53,Sugarcane,0,Ratnagiri,3,2.0,0.5
6,18,22,31,795,84,Sugarcane,0,Ratnagiri,1,1.5,1.16
6,18,24,34,346,72,Sugarcane,0,Ratnagiri,2,593.0,3425
6,18,25,32,468,46,Sugarcane,0,Ratnagiri,3,14560.0,71300000
6,18,24,31,449,74,Sugarcane,0,Ratnagiri,1,69.0,575
6,18,24,29,567,68,Sugarcane,0,Ratnagiri,2,3100.0,5200
6,18,23,28,845,52,Sugarcane,0,Ratnagiri,3,668.0,448
6,18,22,34,345,74,Sugarcane,0,Ratnagiri,1,10779.0,31863
6,18,21,31,265,84,Sugarcane,0,Ratnagiri,2,1531.0,12073
6,18,24,30,845,67,Sugarcane,0,Ratnagiri,3,80.0,54
6,18,25,31,457,80,Sugarcane,0,Ratnagiri,1,6992.0,23900000
6,18,23,30,865,71,Sugarcane,0,Ratnagiri,2,352.0,1120
6,18,22,39,578,68,Sugarcane,0,Ratnagiri,3,133.0,55
6,18,23,30,356,46,Sugarcane,0,Ratnagiri,1,141.0,3736
6,18,21,34,687,75,Sugarcane,0,Ratnagiri,2,78.0,843
6,18,23,35,753,85,Sugarcane,0,Ratnagiri,3,160.0,2108
6,18,24,32,234,68,Sugarcane,0,Ratnagiri,1,3100.0,5239
6,18,25,33,425,74,Sugarcane,0,Ratnagiri,2,418.0,199
6,18,23,31,289,72,Sugarcane,0,Ratnagiri,3,9718.0,27033
6,18,22,29,754,59,Sugarcane,0,Ratnagiri,1,81.0,33
6,18,24,30,689,64,Sugarcane,0,Ratnagiri,2,7015.0,25250000
6,18,21,34,479,81,Sugarcane,0,Ratnagiri,3,344.0,1124
6,18,22,34,348,74,Sugarcane,0,Ratnagiri,1,81.0,2379
6,18,23,31,467,64,Sugarcane,0,Ratnagiri,2,100.0,5
6,18,24,29,845,59,Sugarcane,0,Ratnagiri,3,6854.3,18995.62
6,18,24,28,523,75,Sugarcane,0,Ratnagiri,1,1160.0,3011.7
6,18,24,30,685,60,Sugarcane,0,Ratnagiri,2,957.57,8582
6,18,23,29,348,51,Sugarcane,0,Ratnagiri,3,175.0,191.14
6,18,25,34,567,49,Sugarcane,0,Ratnagiri,1,40.5,44
6,18,21,32,846,40,Sugarcane,0,Ratnagiri,2,3575.0,15400000
6,18,23,31,234,39,Sugarcane,0,Ratnagiri,3,235.72,824.3
6,18,24,29,546,72,Sugarcane,0,Ratnagiri,1,98.66,929
6,18,22,28,876,80,Sugarcane,0,Ratnagiri,2,35.62,21.4
6,18,25,30,356,59,Sugarcane,0,Ratnagiri,3,71.3,1500
6,18,25,29,467,87,Sugarcane,0,Ratnagiri,1,30.0,240
6,18,24,30,598,64,Sugarcane,0,Ratnagiri,2,255.0,1420
6,18,24,31,498,48,Sugarcane,0,Ratnagiri,3,68.0,408
6,18,23,34,675,71,Sugarcane,0,Ratnagiri,1,6791.0,20118
6,18,24,28,460,72,Sugarcane,1,Ratnagiri,2,73.33,889.2
6,18,23,29,578,64,Sugarcane,1,Ratnagiri,3,1296.0,2290
6,18,21,30,358,53,Sugarcane,1,Ratnagiri,1,294.5,90.8
6,18,22,31,795,84,Sugarcane,1,Ratnagiri,2,168.0,13.5
6,18,24,34,346,72,Sugarcane,1,Ratnagiri,3,84.5,39
6,18,25,32,468,46,Sugarcane,1,Ratnagiri,1,254.0,402
6,18,24,31,449,74,Sugarcane,1,Ratnagiri,2,110.0,1011.84
6,18,24,29,567,68,Sugarcane,1,Ratnagiri,3,4.75,6.8
6,18,23,28,845,52,Sugarcane,1,Ratnagiri,1,86.7,96.4
6,18,22,34,345,74,Sugarcane,1,Ratnagiri,2,1168.6,556.55
6,18,21,31,265,84,Sugarcane,1,Ratnagiri,3,2.9,1.9
6,18,24,30,845,67,Sugarcane,1,Ratnagiri,1,109.0,480
6,18,25,31,457,80,Sugarcane,1,Ratnagiri,2,68.0,376.5
6,18,23,30,865,71,Sugarcane,1,Ratnagiri,3,1059.5,458.79
6,18,22,39,578,68,Sugarcane,1,Ratnagiri,1,657.0,7968
6,18,23,30,356,46,Sugarcane,1,Ratnagiri,2,3668.0,12700000
6,18,21,34,687,75,Sugarcane,1,Ratnagiri,3,186.5,1355
6,18,23,35,753,85,Sugarcane,1,Ratnagiri,1,10695.8,31600.82
6,18,24,32,234,68,Sugarcane,1,Ratnagiri,2,3105.0,5267
6,18,25,33,425,74,Sugarcane,1,Ratnagiri,3,1524.0,10882
6,18,23,31,289,72,Sugarcane,1,Ratnagiri,1,487.0,102.5
6,18,22,29,754,59,Sugarcane,1,Ratnagiri,2,81.0,24
6,18,24,30,689,64,Sugarcane,1,Ratnagiri,3,7060.0,26830000
6,18,21,34,479,81,Sugarcane,1,Ratnagiri,1,239.0,20.9
6,18,22,34,348,74,Sugarcane,1,Ratnagiri,2,352.0,1145
6,18,23,31,467,64,Sugarcane,1,Ratnagiri,3,85.1,40.31
6,18,24,29,845,59,Sugarcane,1,Ratnagiri,1,455.0,13760
6,18,24,28,523,75,Sugarcane,1,Ratnagiri,2,10509.37,30760.7
6,18,24,30,685,60,Sugarcane,1,Ratnagiri,3,3118.0,5182
6,18,23,29,348,51,Sugarcane,1,Ratnagiri,1,1530.0,11558
6,18,25,34,567,49,Sugarcane,1,Ratnagiri,2,497.0,104.37
6,18,21,32,846,40,Sugarcane,1,Ratnagiri,3,116.5,26.14
6,18,23,31,234,39,Sugarcane,1,Ratnagiri,1,7110.0,26660000
6,18,24,29,546,72,Sugarcane,1,Ratnagiri,2,340.0,578
6,18,22,28,876,80,Sugarcane,1,Ratnagiri,3,406.0,1299.2
6,18,25,30,356,59,Sugarcane,1,Ratnagiri,1,82.09,35.51
6,18,25,29,467,87,Sugarcane,1,Ratnagiri,2,268.0,2879.52
6,18,24,30,598,64,Sugarcane,1,Ratnagiri,3,10681.98,29119.66
6,18,24,31,498,48,Sugarcane,1,Ratnagiri,1,3160.67,3975.2
6,18,23,34,675,71,Sugarcane,1,Ratnagiri,2,1912.1,17374.4
6,4,24,28,1018,82,Ragi,0,Ratnagiri,3,570.0,104.36
6,4,23,32,950,79,Ragi,0,Ratnagiri,3,116.5,25.1
6,4,25,29,1154,78,Ragi,0,Ratnagiri,3,7156.7,34750000
6,4,26,33,1256,85,Ragi,0,Ratnagiri,3,340.0,822.8
6,4,23,28,1345,88,Ragi,0,Ratnagiri,3,410.0,1462
6,4,25,31,985,79,Ragi,0,Ratnagiri,3,89.3,46.5
6,4,22,28,845,82,Ragi,0,Ratnagiri,3,145.26,1560
6,4,25,34,1000,86,Ragi,0,Ratnagiri,3,8683.38,25870.98
6,4,25,30,856,85,Ragi,0,Ratnagiri,3,3250.78,3058.46
6,4,24,28,1145,82,Ragi,0,Ratnagiri,3,1656.8,10251.13
6,4,24,28,1020,82,Ragi,0,Ratnagiri,3,656.45,35.95
6,4,23,32,865,79,Ragi,0,Ratnagiri,3,118.5,30.22
6,4,25,29,789,78,Ragi,0,Ratnagiri,3,7050.45,26430000
6,4,26,33,945,85,Ragi,0,Ratnagiri,3,370.7,877.6
6,4,23,28,1245,88,Ragi,0,Ratnagiri,3,200.0,1800
6,4,25,31,1124,79,Ragi,0,Ratnagiri,3,53.55,34.2
6,4,22,28,1354,82,Ragi,0,Ratnagiri,3,128.02,2448.2
6,4,25,34,945,86,Ragi,0,Ratnagiri,3,131.9,700.35
6,4,25,30,1344,85,Ragi,0,Ratnagiri,3,254.5,1480
6,4,24,28,1054,82,Ragi,0,Ratnagiri,3,81.7,572
6,4,24,28,948,82,Ragi,0,Ratnagiri,3,921.87,2539.64
6,4,23,32,1320,79,Ragi,0,Ratnagiri,3,2000.0,2350
6,4,25,29,1124,78,Ragi,0,Ratnagiri,3,483.0,4150
6,4,26,33,956,85,Ragi,0,Ratnagiri,3,413.1,20.18
6,4,23,28,847,88,Ragi,0,Ratnagiri,3,79.5,26
6,4,25,31,1023,79,Ragi,0,Ratnagiri,3,3483.09,14190000
6,4,22,28,1124,82,Ragi,0,Ratnagiri,3,124.6,34.7
6,4,25,34,1345,86,Ragi,0,Ratnagiri,3,100.9,900
6,4,25,30,865,85,Ragi,0,Ratnagiri,3,24.0,14.98
6,4,24,28,1018,82,Ragi,0,Ratnagiri,3,53.5,999.5
6,4,24,28,1134,82,Ragi,0,Ratnagiri,3,30.4,220
6,4,23,32,1345,79,Ragi,0,Ratnagiri,3,40.0,160
6,4,25,29,846,78,Ragi,0,Ratnagiri,3,10.0,60
6,4,26,33,756,85,Ragi,0,Ratnagiri,3,1595.5,3788
6,4,23,28,948,88,Ragi,0,Ratnagiri,3,67.5,402
6,4,25,31,1018,79,Ragi,0,Ratnagiri,3,1912.0,1900
6,4,22,28,1015,82,Ragi,0,Ratnagiri,3,20.5,13.2
6,4,25,34,998,86,Ragi,0,Ratnagiri,3,409.0,98
6,4,25,30,1345,85,Ragi,0,Ratnagiri,3,15.0,10.5
6,4,24,28,1168,82,Ragi,0,Ratnagiri,3,128.0,148
6,4,24,28,1018,82,Ragi,1,Ratnagiri,3,94.0,828.52
6,4,23,32,950,79,Ragi,1,Ratnagiri,3,15.5,7.6
6,4,25,29,1154,78,Ragi,1,Ratnagiri,3,73.0,253
6,4,26,33,1256,85,Ragi,1,Ratnagiri,3,29.9,17.85
6,4,23,28,1345,88,Ragi,1,Ratnagiri,3,1.0,0.5
6,4,25,31,985,79,Ragi,1,Ratnagiri,3,32.0,235
6,4,22,28,845,82,Ragi,1,Ratnagiri,3,10.0,105
6,4,25,34,1000,86,Ragi,1,Ratnagiri,3,34.0,15.05
6,4,25,30,856,85,Ragi,1,Ratnagiri,3,360.0,5517
6,4,24,28,1145,82,Ragi,1,Ratnagiri,3,3540.0,11000000
6,4,24,28,1020,82,Ragi,1,Ratnagiri,3,22.5,220
6,4,23,32,865,79,Ragi,1,Ratnagiri,3,21400.0,2600
6,4,25,29,789,78,Ragi,1,Ratnagiri,3,1400.0,500
6,4,26,33,945,85,Ragi,1,Ratnagiri,3,1000.0,100
6,4,23,28,1245,88,Ragi,1,Ratnagiri,3,7300.0,9400
6,4,25,31,1124,79,Ragi,1,Ratnagiri,3,3700.0,7100
6,4,22,28,1354,82,Ragi,1,Ratnagiri,3,650800.0,228400
6,4,25,34,945,86,Ragi,1,Ratnagiri,3,3300.0,1000
6,4,25,30,1344,85,Ragi,1,Ratnagiri,3,10100.0,10200
6,4,24,28,1054,82,Ragi,1,Ratnagiri,3,2200.0,700
6,4,24,28,948,82,Ragi,1,Ratnagiri,3,2800.0,4900
6,4,23,32,1320,79,Ragi,1,Ratnagiri,3,1300.0,500
6,4,25,29,1124,78,Ragi,1,Ratnagiri,3,800.0,100
6,4,26,33,956,85,Ragi,1,Ratnagiri,3,6700.0,11800
6,4,23,28,847,88,Ragi,1,Ratnagiri,3,35600.0,75400
6,4,25,31,1023,79,Ragi,1,Ratnagiri,3,700.0,72900
6,4,22,28,1124,82,Ragi,1,Ratnagiri,3,35900.0,11100
6,4,25,34,1345,86,Ragi,1,Ratnagiri,3,200.0,200
6,4,25,30,865,85,Ragi,1,Ratnagiri,3,100.0,100
6,4,24,28,1018,82,Ragi,1,Ratnagiri,3,28000.0,14800
6,4,24,28,1134,82,Ragi,1,Ratnagiri,3,20200.0,21700
6,4,23,32,1345,79,Ragi,1,Ratnagiri,3,600.0,200
6,4,25,29,846,78,Ragi,1,Ratnagiri,3,18800.0,9400
6,4,26,33,756,85,Ragi,1,Ratnagiri,3,100.0,100
6,4,23,28,948,88,Ragi,1,Ratnagiri,3,600.0,2400
6,4,25,31,1018,79,Ragi,1,Ratnagiri,3,600.0,1000
6,4,22,28,1015,82,Ragi,1,Ratnagiri,3,18000.0,37300
6,4,25,34,998,86,Ragi,1,Ratnagiri,3,30100.0,11100
6,4,25,30,1345,85,Ragi,1,Ratnagiri,3,300.0,200
6,4,24,28,1168,82,Ragi,1,Ratnagiri,3,27400.0,9100
5,9,24,31,52,32,Cotton,1,Akola,2,2600.0,1900
5,9,20,30,67,62,Cotton,1,Akola,3,3200.0,1000
5,9,23,30,75,43,Cotton,1,Akola,2,14000.0,12900
5,9,25,29,98,56,Cotton,1,Akola,3,4000.0,10000
5,9,20,32,46,34,Cotton,1,Akola,2,755200.0,867800
5,9,22,30,32,27,Cotton,1,Akola,3,2300.0,900
5,9,21,30,40,39,Cotton,1,Akola,2,3700.0,5800
5,9,24,31,50,32,Cotton,1,Akola,3,4600.0,3400
5,9,20,30,61,32,Cotton,1,Akola,2,3300.0,6700
5,9,21,30,71,43,Cotton,1,Akola,3,2100.0,1300
5,9,24,29,81,56,Cotton,1,Akola,2,2000.0,300
5,9,20,33,31,34,Cotton,1,Akola,3,7000.0,14900
5,9,22,30,41,47,Cotton,1,Akola,2,38300.0,96800
5,9,21,30,39,39,Cotton,1,Akola,3,21300.0,12200
5,9,24,31,45,32,Cotton,1,Akola,2,200.0,200
5,9,20,30,115,62,Cotton,1,Akola,3,26200.0,25900
5,9,23,30,98,43,Cotton,1,Akola,2,25900.0,35800
5,9,25,29,67,56,Cotton,1,Akola,3,700.0,500
5,9,20,32,84,34,Cotton,1,Akola,2,14800.0,22100
5,9,22,30,169,27,Cotton,1,Akola,3,300.0,1600
5,9,21,30,67,39,Cotton,1,Akola,2,700.0,1200
5,9,24,31,101,32,Cotton,1,Akola,3,26600.0,63900
5,9,20,30,46,32,Cotton,1,Akola,2,13500.0,3300
5,9,21,30,51,43,Cotton,1,Akola,3,400.0,200
5,9,24,29,67,56,Cotton,1,Akola,2,700.0,65900
5,9,20,33,84,34,Cotton,1,Akola,3,100.0,100
5,9,22,30,32,47,Cotton,1,Akola,2,1635.0,889
5,9,21,30,35,39,Cotton,1,Akola,3,1880.0,355
5,9,24,31,47,32,Cotton,1,Akola,2,9453.0,10510
5,9,20,30,52,62,Cotton,1,Akola,3,694865.0,249457
5,9,23,30,78,43,Cotton,1,Akola,2,1762.0,495
5,9,25,29,34,56,Cotton,1,Akola,3,11131.0,14582
5,9,20,32,104,34,Cotton,1,Akola,2,3358.0,9540
5,9,22,30,57,27,Cotton,1,Akola,3,23117.0,3861
5,9,21,30,68,39,Cotton,1,Akola,2,1546.0,1098
5,9,24,31,38,32,Cotton,1,Akola,3,6215.0,11467
5,9,20,30,34,32,Cotton,1,Akola,2,37991.0,105082
5,9,21,30,48,43,Cotton,1,Akola,3,8.0,2
5,9,24,29,65,56,Cotton,1,Akola,2,4.0,2
5,9,20,33,75,34,Cotton,1,Akola,3,99.0,54
5,9,22,30,84,47,Cotton,1,Akola,2,26835.0,9365
5,9,21,30,91,39,Cotton,1,Akola,3,21785.0,25358
5,9,24,31,54,32,Cotton,1,Akola,2,1071.0,327
5,9,20,30,41,62,Cotton,1,Akola,3,21487.0,30576
5,9,23,30,38,43,Cotton,1,Akola,2,12.0,1
5,9,25,29,52,56,Cotton,1,Akola,3,455.0,2203
5,9,20,32,110,34,Cotton,1,Akola,2,98.0,10
5,9,22,30,164,27,Cotton,1,Akola,3,1.0,1
5,9,21,30,53,39,Cotton,1,Akola,2,734.0,1180
5,9,24,31,94,32,Cotton,1,Akola,3,20258.0,45669
5,9,20,30,76,32,Cotton,1,Akola,2,881.0,145
5,9,21,30,35,43,Cotton,1,Akola,3,10.0,2
5,9,24,29,49,56,Cotton,1,Akola,2,439.0,294
5,9,20,33,68,34,Cotton,1,Akola,3,5199.0,5759
5,9,22,30,154,47,Cotton,1,Akola,2,1770.0,32364
5,9,21,30,198,39,Cotton,1,Akola,2,884.0,83126
6,5,25,32,85,60,Jowar,1,Akola,1,30693.0,7888
6,5,26,33,67,54,Jowar,1,Akola,2,2477.0,1449
6,5,24,31,140,46,Jowar,1,Akola,3,9315.0,2831
6,5,23,30,84,37,Jowar,1,Akola,1,12025.0,16128
6,5,21,32,65,74,Jowar,1,Akola,2,3755.0,10146
6,5,18,34,71,85,Jowar,1,Akola,3,21.0,14
6,5,19,35,59,76,Jowar,1,Akola,1,791559.0,884963
6,5,20,32,105,52,Jowar,1,Akola,2,601.0,215
6,5,24,33,94,48,Jowar,1,Akola,3,5071.0,14351
6,5,25,31,64,66,Jowar,1,Akola,1,1626.0,1143
6,5,26,34,37,76,Jowar,1,Akola,2,3475.0,9049
6,5,21,35,111,34,Jowar,1,Akola,3,1744.0,774
6,5,23,35,46,42,Jowar,1,Akola,1,1103.0,15470
6,5,22,34,78,55,Jowar,1,Akola,2,3167.0,559
6,5,25,33,59,67,Jowar,1,Akola,3,1292.0,214
6,5,26,36,100,75,Jowar,1,Akola,1,6613.0,16923
6,5,25,32,124,51,Jowar,1,Akola,2,39905.0,117680
6,5,26,34,111,47,Jowar,1,Akola,3,21.0,5
6,5,24,35,95,74,Jowar,1,Akola,1,5.0,1
6,5,23,34,84,35,Jowar,1,Akola,2,1647.0,1148
6,5,21,31,67,81,Jowar,1,Akola,3,30606.0,24590
6,5,23,30,54,56,Jowar,1,Akola,1,135.0,8
6,5,21,35,82,47,Jowar,1,Akola,2,35.0,9
6,5,20,32,154,52,Jowar,1,Akola,3,317.0,185
6,5,25,33,134,68,Jowar,1,Akola,1,71.0,81
6,5,19,36,57,82,Jowar,1,Akola,2,33858.0,22685
6,5,18,29,68,71,Jowar,1,Akola,3,23048.0,23832
6,5,21,34,95,64,Jowar,1,Akola,1,377.0,80
6,5,22,32,82,55,Jowar,1,Akola,2,15242.0,16980
6,5,23,31,104,40,Jowar,1,Akola,3,96.0,67
6,5,24,36,76,39,Jowar,1,Akola,1,8.0,2
6,5,21,34,56,76,Jowar,1,Akola,2,399.0,2148
6,5,22,33,94,66,Jowar,1,Akola,3,482.0,11514
6,5,24,31,53,58,Jowar,1,Akola,1,909.0,1312
6,5,25,29,64,49,Jowar,1,Akola,2,22099.0,57236
6,5,22,34,113,54,Jowar,1,Akola,3,703.0,129
6,5,21,34,134,65,Jowar,1,Akola,1,96.0,67
6,5,23,33,124,87,Jowar,1,Akola,2,363.0,292
6,5,24,31,101,78,Jowar,1,Akola,3,520.0,297
6,5,21,30,85,56,Jowar,1,Akola,1,252.0,696
6,5,20,35,67,23,Jowar,1,Akola,2,769.0,11693
6,5,19,32,48,35,Jowar,1,Akola,3,908.0,3896970
6,5,24,34,57,34,Jowar,1,Akola,1,8953.0,2266
6,5,21,32,69,67,Jowar,1,Akola,2,4.0,34
6,5,22,29,84,51,Jowar,1,Akola,3,284.0,25395
6,5,19,34,104,65,Jowar,1,Akola,1,28.0,379
6,5,18,32,124,74,Jowar,1,Akola,2,89.0,114
6,5,20,29,68,45,Jowar,1,Akola,3,39.0,272
6,5,23,31,82,35,Jowar,1,Akola,1,27942.0,7628
6,5,21,34,67,75,Jowar,1,Akola,2,1595.0,526
6,5,22,29,74,65,Jowar,1,Akola,3,3191.0,900
6,5,24,34,104,45,Jowar,1,Akola,1,8552.0,9055
6,5,25,37,86,55,Jowar,1,Akola,2,3765.0,7127
6,5,19,34,52,82,Jowar,1,Akola,3,16.0,17
6,5,18,31,84,60,Jowar,1,Akola,1,758700.0,333828
6,5,24,33,124,59,Jowar,1,Akola,2,649.0,60
10,8,23,33,15,33,Wheat,1,Nagpur,1,3900.0,6720
10,8,20,31,23,23,Wheat,1,Nagpur,1,1434.0,627
10,8,22,30,26,45,Wheat,1,Nagpur,3,2667.0,7129
10,8,18,29,45,56,Wheat,1,Nagpur,3,1511.0,730
10,8,19,34,37,74,Wheat,1,Nagpur,3,1165.0,19232
10,8,20,31,15,65,Wheat,1,Nagpur,1,2496.0,324
10,8,21,32,33,23,Wheat,1,Nagpur,1,5124.0,12405
10,8,22,33,26,54,Wheat,1,Nagpur,1,32878.0,95609
10,8,23,34,44,77,Wheat,1,Nagpur,3,1434.0,627
10,8,24,29,24,21,Wheat,1,Nagpur,3,51610.0,33580
10,8,25,30,20,34,Wheat,1,Nagpur,3,487.0,176
10,8,22,35,19,51,Wheat,1,Nagpur,1,5.0,1
10,8,20,34,26,62,Wheat,1,Nagpur,1,27.0,9
10,8,19,29,35,34,Wheat,1,Nagpur,3,108.0,168
10,8,18,32,23,47,Wheat,1,Nagpur,3,47894.0,50145
10,8,20,34,15,52,Wheat,1,Nagpur,3,18773.0,29192
10,8,21,29,23,67,Wheat,1,Nagpur,1,417.0,226
10,8,22,35,26,45,Wheat,1,Nagpur,1,15170.0,17446
10,8,24,31,45,33,Wheat,1,Nagpur,1,5.0,1
10,8,25,30,37,21,Wheat,1,Nagpur,3,447.0,2893
10,8,23,31,15,67,Wheat,1,Nagpur,3,40.0,12
10,8,24,34,33,77,Wheat,1,Nagpur,3,380.0,8465
10,8,22,29,26,40,Wheat,1,Nagpur,1,1.0,1
10,8,20,35,44,35,Wheat,1,Nagpur,1,544.0,725
10,8,22,36,24,29,Wheat,1,Nagpur,3,38119.0,108906
10,8,21,34,20,84,Wheat,1,Nagpur,3,3768.0,528
10,8,24,30,19,67,Wheat,1,Nagpur,3,2.0,1
10,8,23,29,26,37,Wheat,1,Nagpur,1,127.0,86
10,8,21,35,35,48,Wheat,1,Nagpur,1,307.0,213
10,8,25,33,23,32,Wheat,1,Nagpur,3,257.0,430
10,8,24,31,15,23,Wheat,1,Nagpur,3,1582.0,462
10,8,23,30,19,45,Wheat,1,Nagpur,3,851.0,3053700
10,8,21,29,24,67,Wheat,1,Nagpur,1,4741.0,1119
10,8,20,28,26,74,Wheat,1,Nagpur,1,490.0,42470
10,8,21,34,31,24,Wheat,1,Nagpur,1,31.0,411
10,8,22,35,45,51,Wheat,1,Nagpur,3,111.0,111
10,8,23,36,28,34,Wheat,1,Nagpur,3,8.0,40
10,8,24,37,37,62,Wheat,1,Nagpur,3,33454.0,6557
10,8,19,31,56,55,Wheat,1,Nagpur,1,1925.0,581
10,8,18,30,34,74,Wheat,1,Nagpur,1,2050.0,416
10,8,16,31,58,51,Wheat,1,Nagpur,3,7638.0,7144
10,8,20,34,67,64,Wheat,1,Nagpur,3,2737.0,6128
10,8,23,35,29,35,Wheat,1,Nagpur,3,732262.0,259953
10,8,21,28,46,23,Wheat,1,Nagpur,1,947.0,140
10,8,22,29,79,61,Wheat,1,Nagpur,1,2906.0,4545
10,8,24,31,81,40,Wheat,1,Nagpur,1,1000.0,100
10,8,25,35,91,37,Wheat,1,Nagpur,3,3541.0,3431
10,8,19,36,100,61,Wheat,1,Nagpur,3,1150.0,174
10,8,21,34,21,43,Wheat,1,Nagpur,3,776.0,8432
10,8,23,32,34,25,Wheat,1,Nagpur,1,490.0,47
10,8,24,31,45,67,Wheat,1,Nagpur,1,5157.0,12140
10,8,25,35,56,53,Wheat,1,Nagpur,3,29066.0,66329
10,8,21,33,67,24,Wheat,1,Nagpur,3,919.0,180
10,8,20,36,84,65,Wheat,1,Nagpur,3,51.0,0
10,8,18,37,94,75,Wheat,1,Nagpur,1,60319.0,22149
10,8,19,39,111,57,Wheat,1,Nagpur,1,32.0,2
10,8,20,28,22,38,Wheat,1,Nagpur,1,129.0,39
10,8,18,34,24,51,Wheat,1,Nagpur,3,83.0,161
10,8,19,30,16,38,Wheat,1,Nagpur,3,54264.0,20186
10,8,24,33,23,65,Wheat,1,Nagpur,3,17529.0,18651
6,5,25,29,778,78,Jowar,0,Nagpur,1,1859.0,688
6,5,24,33,874,65,Jowar,0,Nagpur,2,12676.0,11497
6,5,23,33,679,64,Jowar,0,Nagpur,3,8.0,2
6,5,25,31,945,62,Jowar,0,Nagpur,1,1288.0,8933
6,5,24,32,1024,68,Jowar,0,Nagpur,2,4.0,1
6,5,25,32,1124,57,Jowar,0,Nagpur,3,401.0,7192
6,5,25,29,684,75,Jowar,0,Nagpur,1,417.0,517
6,5,24,33,875,65,Jowar,0,Nagpur,2,10960.0,20462
6,5,23,33,945,64,Jowar,0,Nagpur,3,2594.0,340
6,5,25,31,678,72,Jowar,0,Nagpur,1,10.0,2
6,5,24,32,768,68,Jowar,0,Nagpur,2,408.0,236
6,5,25,32,945,58,Jowar,0,Nagpur,3,362.0,333
6,5,25,29,1245,55,Jowar,0,Nagpur,1,263.0,379
6,5,24,33,648,65,Jowar,0,Nagpur,2,19.0,1006
6,5,23,33,788,41,Jowar,0,Nagpur,3,1.0,5
6,5,25,31,801,62,Jowar,0,Nagpur,1,126.0,938
6,5,24,32,945,68,Jowar,0,Nagpur,2,1026.0,10162
6,5,25,32,1110,45,Jowar,0,Nagpur,3,788.0,4000
6,5,25,29,1068,75,Jowar,0,Nagpur,1,869.0,3691149
6,5,24,33,945,65,Jowar,0,Nagpur,2,3914.0,481
6,5,23,33,678,57,Jowar,0,Nagpur,3,18.0,0
6,5,25,31,801,72,Jowar,0,Nagpur,1,111.0,2075
6,5,24,32,796,68,Jowar,0,Nagpur,2,3968.0,26176
6,5,25,32,648,58,Jowar,0,Nagpur,3,13767.0,112541
6,5,25,29,574,65,Jowar,0,Nagpur,1,132.0,0
6,5,24,33,1347,65,Jowar,0,Nagpur,2,2418.0,1552
6,5,23,33,1045,64,Jowar,0,Nagpur,3,1767.0,0
6,5,25,31,946,55,Jowar,0,Nagpur,1,1544.0,201409
6,5,24,32,678,68,Jowar,0,Nagpur,2,1207.0,62789
6,5,25,32,724,72,Jowar,0,Nagpur,3,2.0,17
6,5,25,29,486,48,Jowar,0,Nagpur,1,329.0,22481
6,5,24,33,675,65,Jowar,0,Nagpur,2,50.0,540
6,5,23,33,852,64,Jowar,0,Nagpur,3,51.0,90
6,5,25,31,798,72,Jowar,0,Nagpur,1,3356.0,16627
6,5,24,32,835,68,Jowar,0,Nagpur,2,41178.0,6959
6,5,25,32,915,58,Jowar,0,Nagpur,3,2280.0,378
6,5,25,29,700,78,Jowar,0,Nagpur,1,1927.0,805
6,5,24,33,1000,65,Jowar,0,Nagpur,2,4212.0,4262
6,5,23,33,914,64,Jowar,0,Nagpur,3,2920.0,10702
6,5,25,31,647,62,Jowar,0,Nagpur,1,670935.0,187862
6,5,24,32,796,68,Jowar,0,Nagpur,2,492.0,54
6,5,25,32,847,72,Jowar,0,Nagpur,3,12487.0,30830
6,5,25,29,914,57,Jowar,0,Nagpur,1,1245.0,229
6,5,24,33,1045,65,Jowar,0,Nagpur,2,6246.0,10718
6,5,23,33,1145,64,Jowar,0,Nagpur,3,1216.0,662
6,5,25,31,1000,72,Jowar,0,Nagpur,1,846.0,13250
6,5,24,32,785,47,Jowar,0,Nagpur,2,340.0,15
6,5,25,32,788,58,Jowar,0,Nagpur,3,3353.0,3547
6,5,25,29,778,78,Jowar,1,Nagpur,1,17515.0,44891
6,5,24,33,874,65,Jowar,1,Nagpur,2,245.0,83
6,5,23,33,679,64,Jowar,1,Nagpur,3,1420.0,299
6,5,25,31,945,62,Jowar,1,Nagpur,1,16.0,18
6,5,24,32,1024,68,Jowar,1,Nagpur,2,74525.0,29572
6,5,25,32,1124,57,Jowar,1,Nagpur,3,82.0,51
6,5,25,29,684,75,Jowar,1,Nagpur,1,113.0,19
6,5,24,33,875,65,Jowar,1,Nagpur,2,91.0,190
6,5,23,33,945,64,Jowar,1,Nagpur,3,51461.0,15438
6,5,25,31,678,72,Jowar,1,Nagpur,1,15060.0,19819
6,5,24,32,768,68,Jowar,1,Nagpur,2,1560.0,844
6,5,25,32,945,58,Jowar,1,Nagpur,3,21391.0,19444
6,5,25,29,1245,55,Jowar,1,Nagpur,1,7.0,2
6,5,24,33,648,65,Jowar,1,Nagpur,2,1212.0,6787
6,5,23,33,788,41,Jowar,1,Nagpur,3,22.0,7
6,5,25,31,801,62,Jowar,1,Nagpur,1,535.0,11180
6,5,24,32,945,68,Jowar,1,Nagpur,2,17.0,3
6,5,25,32,1110,45,Jowar,1,Nagpur,3,614.0,986
6,5,25,29,1068,75,Jowar,1,Nagpur,1,10826.0,25463
6,5,24,33,945,65,Jowar,1,Nagpur,2,307.0,11
6,5,23,33,678,57,Jowar,1,Nagpur,3,70.0,13
6,5,25,31,801,72,Jowar,1,Nagpur,1,414.0,123
6,5,24,32,796,68,Jowar,1,Nagpur,2,266.0,189
6,5,25,32,648,58,Jowar,1,Nagpur,3,36.0,1302
6,5,25,29,574,65,Jowar,1,Nagpur,1,101.0,873
6,5,24,33,1347,65,Jowar,1,Nagpur,2,1129.0,19414
6,5,23,33,1045,64,Jowar,1,Nagpur,3,706.0,11959
6,5,25,31,946,55,Jowar,1,Nagpur,1,839.0,3285828
6,5,24,32,678,68,Jowar,1,Nagpur,2,5646.0,610
6,5,25,32,724,72,Jowar,1,Nagpur,3,51.0,0
6,5,25,29,486,48,Jowar,1,Nagpur,1,118.0,2048
6,5,24,33,675,65,Jowar,1,Nagpur,2,3935.0,58337
6,5,23,33,852,64,Jowar,1,Nagpur,3,13441.0,224640
6,5,25,31,798,72,Jowar,1,Nagpur,1,3241.0,3586
6,5,24,32,835,68,Jowar,1,Nagpur,2,1783.0,0
6,5,25,32,915,58,Jowar,1,Nagpur,3,1381.0,60038
6,5,25,29,700,78,Jowar,1,Nagpur,1,1466.0,83767
6,5,24,33,1000,65,Jowar,1,Nagpur,2,454.0,32386
6,5,23,33,914,64,Jowar,1,Nagpur,3,30.0,217
6,5,25,31,647,62,Jowar,1,Nagpur,1,20.0,25
6,5,24,32,796,68,Jowar,1,Nagpur,2,2827.0,17509
6,5,25,32,847,72,Jowar,1,Nagpur,3,32752.0,7893
6,5,25,29,914,57,Jowar,1,Nagpur,1,1021.0,403
6,5,24,33,1045,65,Jowar,1,Nagpur,2,1578.0,923
6,5,23,33,1145,64,Jowar,1,Nagpur,3,8933.0,7041
6,5,25,31,1000,72,Jowar,1,Nagpur,1,3402.0,11288
6,5,24,32,785,47,Jowar,1,Nagpur,2,857823.0,684543
6,5,25,32,788,58,Jowar,1,Nagpur,3,421.0,121
6,18,24,32,465,48,Sugarcane,1,Nagpur,1,4300.0,5693
6,18,25,31,675,56,Sugarcane,1,Nagpur,2,3495.0,10031
6,18,24,32,758,34,Sugarcane,1,Nagpur,3,1464.0,545
6,18,23,34,345,25,Sugarcane,1,Nagpur,1,1324.0,24824
6,18,25,34,268,75,Sugarcane,1,Nagpur,2,1605.0,172
6,18,24,32,945,48,Sugarcane,1,Nagpur,3,3166.0,5860
6,18,24,32,234,56,Sugarcane,1,Nagpur,1,24335.0,85051
6,18,25,31,945,55,Sugarcane,1,Nagpur,2,661.0,307
6,18,24,32,480,67,Sugarcane,1,Nagpur,3,1131.0,691
6,18,23,34,614,74,Sugarcane,1,Nagpur,1,56819.0,34209
6,18,25,34,514,55,Sugarcane,1,Nagpur,2,76.0,37
6,18,24,32,742,44,Sugarcane,1,Nagpur,3,62.0,24
6,18,24,32,801,34,Sugarcane,1,Nagpur,1,155.0,754
6,18,25,31,315,23,Sugarcane,1,Nagpur,2,42106.0,9516
6,18,24,32,234,78,Sugarcane,1,Nagpur,3,14500.0,21736
6,18,23,34,195,43,Sugarcane,1,Nagpur,1,226.0,30
6,18,25,34,452,51,Sugarcane,1,Nagpur,2,11871.0,14269
6,18,24,32,684,29,Sugarcane,1,Nagpur,3,34.0,4
6,18,24,32,754,51,Sugarcane,1,Nagpur,1,3572.0,25822
6,18,25,31,501,49,Sugarcane,1,Nagpur,2,3.0,1
6,18,24,32,452,28,Sugarcane,1,Nagpur,3,234.0,4830
6,18,23,34,625,34,Sugarcane,1,Nagpur,1,397.0,897
6,18,25,34,342,44,Sugarcane,1,Nagpur,2,9240.0,21622
6,18,24,32,578,78,Sugarcane,1,Nagpur,3,186.0,10
6,18,24,32,954,48,Sugarcane,1,Nagpur,1,36.0,17
6,18,25,31,234,54,Sugarcane,1,Nagpur,2,27228.0,9530
6,18,24,32,384,67,Sugarcane,1,Nagpur,3,393.0,88
6,18,23,34,507,84,Sugarcane,1,Nagpur,1,324.0,16897
6,18,25,34,415,51,Sugarcane,1,Nagpur,2,837.0,6413350
6,18,24,32,315,34,Sugarcane,1,Nagpur,3,2439.0,290
6,18,24,32,234,48,Sugarcane,1,Nagpur,1,2.0,20
6,18,25,31,756,65,Sugarcane,1,Nagpur,2,400.0,34072
6,18,24,32,845,74,Sugarcane,1,Nagpur,3,33.0,68
6,18,23,34,564,43,Sugarcane,1,Nagpur,1,49.0,53
6,18,25,34,258,64,Sugarcane,1,Nagpur,2,4.0,36
6,18,24,32,452,57,Sugarcane,1,Nagpur,3,35013.0,23704
6,18,24,32,456,49,Sugarcane,1,Nagpur,1,993.0,1888
6,18,25,31,657,51,Sugarcane,1,Nagpur,2,2081.0,1521
6,18,24,32,519,64,Sugarcane,1,Nagpur,3,3295.0,3450
6,18,23,34,647,43,Sugarcane,1,Nagpur,1,2178.0,6175
6,18,25,34,725,64,Sugarcane,1,Nagpur,2,877029.0,362213
6,18,24,32,490,74,Sugarcane,1,Nagpur,3,410.0,107
6,18,24,32,514,80,Sugarcane,1,Nagpur,1,3759.0,3879
6,18,25,31,325,45,Sugarcane,1,Nagpur,2,5958.0,21538
6,18,24,32,467,64,Sugarcane,1,Nagpur,3,1078.0,747
6,18,23,34,547,34,Sugarcane,1,Nagpur,1,985.0,17025
6,18,25,34,312,52,Sugarcane,1,Nagpur,2,1429.0,301
6,18,24,32,145,61,Sugarcane,1,Nagpur,3,2303.0,4394
6,18,24,32,524,74,Sugarcane,1,Nagpur,1,25008.0,69972
6,18,25,31,325,50,Sugarcane,1,Nagpur,2,854.0,455
6,18,24,32,480,61,Sugarcane,1,Nagpur,3,421.0,232
6,18,23,34,512,71,Sugarcane,1,Nagpur,1,69.0,24
6,18,25,34,674,42,Sugarcane,1,Nagpur,2,66.0,125
6,18,24,32,845,31,Sugarcane,1,Nagpur,3,58.0,214
6,18,24,32,234,28,Sugarcane,1,Nagpur,1,49105.0,48172
6,18,25,31,158,67,Sugarcane,1,Nagpur,2,22006.0,29752
6,18,24,32,480,54,Sugarcane,1,Nagpur,3,205.0,77
6,18,23,34,452,32,Sugarcane,1,Nagpur,1,12931.0,9970
6,18,25,34,348,49,Sugarcane,1,Nagpur,2,29.0,11
6,18,24,32,470,68,Sugarcane,1,Nagpur,3,1435.0,10721
6,18,24,32,648,55,Sugarcane,1,Nagpur,1,16.0,5
6,18,25,31,721,50,Sugarcane,1,Nagpur,2,381.0,9063
6,18,24,32,345,49,Sugarcane,1,Nagpur,3,472.0,752
6,18,23,34,657,29,Sugarcane,1,Nagpur,1,23142.0,55587
6,18,25,34,512,34,Sugarcane,1,Nagpur,2,162.0,33
6,18,24,32,470,55,Sugarcane,1,Nagpur,3,11.0,7
6,18,24,32,351,50,Sugarcane,1,Nagpur,1,297.0,175
6,18,25,31,312,49,Sugarcane,1,Nagpur,2,268.0,214
6,18,24,32,685,50,Sugarcane,1,Nagpur,3,303.0,16231
6,18,23,34,724,67,Sugarcane,1,Nagpur,1,836.0,3358992
6,18,25,34,841,78,Sugarcane,1,Nagpur,2,2962.0,900
6,18,24,32,325,34,Sugarcane,1,Nagpur,3,227.0,20612
6,5,19,32,828,73,Jowar,0,Pune,1,48677.0,8401
6,5,24,27,567,72,Jowar,0,Pune,2,23.0,121
6,5,20,28,648,64,Jowar,0,Pune,3,1.0,1
6,5,18,30,748,84,Jowar,0,Pune,1,2.0,15
6,5,17,32,847,54,Jowar,0,Pune,2,26244.0,3543
6,5,24,29,947,56,Jowar,0,Pune,3,620.0,189
6,5,25,31,1000,90,Jowar,0,Pune,1,899.0,451
6,5,22,33,514,84,Jowar,0,Pune,2,1506.0,1940
6,5,22,34,432,76,Jowar,0,Pune,3,1754.0,5658
6,5,23,36,674,72,Jowar,0,Pune,1,644007.0,43148
6,5,24,37,724,81,Jowar,0,Pune,2,1021.0,182
6,5,21,35,315,64,Jowar,0,Pune,3,18043.0,7813
6,5,19,33,471,51,Jowar,0,Pune,1,4877.0,20181
6,5,24,28,658,49,Jowar,0,Pune,2,788.0,98
6,5,20,29,715,54,Jowar,0,Pune,3,869.0,9423
6,5,18,30,314,67,Jowar,0,Pune,1,742.0,135
6,5,17,31,625,84,Jowar,0,Pune,2,2035.0,3696
6,5,24,30,412,79,Jowar,0,Pune,3,22349.0,67427
6,5,25,29,754,73,Jowar,0,Pune,1,450.0,48
6,5,22,28,827,64,Jowar,0,Pune,2,69.0,26
6,5,22,27,945,75,Jowar,0,Pune,3,141.0,43
6,5,23,30,1024,91,Jowar,0,Pune,1,10.0,37
6,5,24,32,1115,73,Jowar,0,Pune,2,83533.0,30739
6,5,21,31,1345,82,Jowar,0,Pune,3,18104.0,18991
6,5,19,33,915,67,Jowar,0,Pune,1,1779.0,882
6,5,24,28,847,57,Jowar,0,Pune,2,24944.0,15440
6,5,20,29,647,55,Jowar,0,Pune,3,15.0,4
6,5,18,26,754,72,Jowar,0,Pune,1,3120.0,23640
6,5,17,32,523,61,Jowar,0,Pune,2,139.0,52
6,5,24,30,684,81,Jowar,0,Pune,3,167.0,4075
6,5,25,31,745,86,Jowar,0,Pune,1,386.0,532
6,5,22,31,982,72,Jowar,0,Pune,2,10846.0,31974
6,5,22,28,1024,61,Jowar,0,Pune,3,72.0,28
6,5,23,28,1145,53,Jowar,0,Pune,1,24.0,19
6,5,24,29,828,49,Jowar,0,Pune,2,190.0,50
6,5,21,35,835,74,Jowar,0,Pune,3,217.0,150
6,5,19,34,512,60,Jowar,0,Pune,1,289.0,14141
6,5,24,27,679,74,Jowar,0,Pune,2,790.0,6404076
6,5,20,36,734,52,Jowar,0,Pune,3,1389.0,385
6,5,18,30,945,59,Jowar,0,Pune,1,339.0,30937
6,5,21,32,1045,60,Jowar,0,Pune,2,60751.0,23561
6,5,24,29,952,74,Jowar,0,Pune,3,25.0,137
6,5,25,34,890,80,Jowar,0,Pune,1,1.0,8
6,5,22,35,732,76,Jowar,0,Pune,2,37000.0,17000
6,5,22,29,1245,71,Jowar,0,Pune,3,1000.0,3000
6,5,23,28,1342,64,Jowar,0,Pune,1,2000.0,1000
6,5,24,28,1110,55,Jowar,0,Pune,2,3000.0,2000
6,5,20,35,828,67,Jowar,0,Pune,3,2000.0,9000
6,5,19,32,828,73,Jowar,1,Pune,1,876000.0,1102000
6,5,24,27,567,72,Jowar,1,Pune,2,4000.0,3000
6,5,20,28,648,64,Jowar,1,Pune,3,7000.0,32000
6,5,18,30,748,84,Jowar,1,Pune,1,1000.0,=
6,5,17,32,847,54,Jowar,1,Pune,2,2000.0,38000
6,5,24,29,947,56,Jowar,1,Pune,3,2000.0,4000
6,5,25,31,1000,90,Jowar,1,Pune,1,30000.0,95000
6,5,22,33,514,84,Jowar,1,Pune,2,19000.0,10000
6,5,22,34,432,76,Jowar,1,Pune,3,75000.0,78000
6,5,23,36,674,72,Jowar,1,Pune,1,21000.0,28000
6,5,24,37,724,81,Jowar,1,Pune,2,1000.0,=
6,5,21,35,315,64,Jowar,1,Pune,3,12000.0,8000
6,5,19,33,471,51,Jowar,1,Pune,1,6000.0,48000
6,5,24,28,658,49,Jowar,1,Pune,2,14000.0,37000
6,5,20,29,715,54,Jowar,1,Pune,3,26000.0,20000
6,5,18,30,314,67,Jowar,1,Pune,1,34067.0,13150
6,5,17,31,625,84,Jowar,1,Pune,2,743.0,1011
6,5,24,30,412,79,Jowar,1,Pune,3,886.0,668
6,5,25,29,754,73,Jowar,1,Pune,1,1611.0,1241
6,5,22,28,827,64,Jowar,1,Pune,2,1574.0,5506
6,5,22,27,945,75,Jowar,1,Pune,3,853577.0,75115
6,5,23,30,1024,91,Jowar,1,Pune,1,295.0,165
6,5,24,32,1115,73,Jowar,1,Pune,2,1782.0,2204
6,5,21,31,1345,82,Jowar,1,Pune,3,6041.0,20896
6,5,19,33,915,67,Jowar,1,Pune,1,629.0,245
6,5,24,28,847,57,Jowar,1,Pune,2,1376.0,23531
6,5,20,29,647,55,Jowar,1,Pune,3,60.0,30
6,5,18,26,754,72,Jowar,1,Pune,1,1460.0,3678
6,5,17,32,523,61,Jowar,1,Pune,2,30306.0,94615
6,5,24,30,684,81,Jowar,1,Pune,3,112.0,88
6,5,25,31,745,86,Jowar,1,Pune,1,182.0,248
6,5,22,31,982,72,Jowar,1,Pune,2,26.0,35
6,5,22,28,1024,61,Jowar,1,Pune,3,73055.0,68379
6,5,23,28,1145,53,Jowar,1,Pune,1,16879.0,24897
6,5,24,29,828,49,Jowar,1,Pune,2,205.0,136
6,5,21,35,835,74,Jowar,1,Pune,3,12501.0,6951
6,5,19,34,512,60,Jowar,1,Pune,1,14.0,5
6,5,24,27,679,74,Jowar,1,Pune,2,3658.0,32300
6,5,20,36,734,52,Jowar,1,Pune,3,173.0,4129
6,5,18,30,945,59,Jowar,1,Pune,1,336.0,630
6,5,21,32,1045,60,Jowar,1,Pune,2,18416.0,49815
6,5,24,29,952,74,Jowar,1,Pune,3,113.0,44
6,5,25,34,890,80,Jowar,1,Pune,1,164.0,217
6,5,22,35,732,76,Jowar,1,Pune,2,325.0,232
6,5,22,29,1245,71,Jowar,1,Pune,3,3603.0,160939
6,5,23,28,1342,64,Jowar,1,Pune,1,786.0,7141464
6,5,24,28,1110,55,Jowar,1,Pune,2,3766.0,1288
6,5,20,35,828,67,Jowar,1,Pune,3,131.0,12305
10,8,21,26,57,42,Wheat,1,Pune,1,42268.0,26305
10,8,19,24,64,35,Wheat,1,Pune,1,99.0,158
10,8,20,28,86,41,Wheat,1,Pune,3,4.0,40
10,8,18,30,73,46,Wheat,1,Pune,3,20269.0,5919
10,8,17,34,45,37,Wheat,1,Pune,3,1722.0,3167
10,8,20,29,34,50,Wheat,1,Pune,1,1332.0,663
10,8,22,31,57,42,Wheat,1,Pune,1,2063.0,1226
10,8,21,30,61,39,Wheat,1,Pune,1,1604.0,4031
10,8,19,29,73,50,Wheat,1,Pune,3,510874.0,113925
10,8,18,27,86,47,Wheat,1,Pune,3,5848.0,3982
10,8,17,32,94,57,Wheat,1,Pune,3,41409.0,25881
10,8,16,33,56,31,Wheat,1,Pune,1,8852.0,43924
10,8,18,30,72,48,Wheat,1,Pune,1,448.0,115
10,8,15,31,85,58,Wheat,1,Pune,3,1663.0,29811
10,8,21,27,81,51,Wheat,1,Pune,3,57.0,17
10,8,20,36,46,38,Wheat,1,Pune,3,2420.0,3780
10,8,19,39,35,38,Wheat,1,Pune,1,32226.0,101512
10,8,21,35,39,41,Wheat,1,Pune,1,1045.0,63
10,8,19,30,46,41,Wheat,1,Pune,1,24.0,20
10,8,20,31,49,61,Wheat,1,Pune,3,30.0,9
10,8,18,29,57,46,Wheat,1,Pune,3,316.0,92
10,8,19,30,84,58,Wheat,1,Pune,3,45.0,83
10,8,18,29,67,55,Wheat,1,Pune,1,92936.0,107248
10,8,21,26,77,57,Wheat,1,Pune,1,19507.0,28051
10,8,19,24,94,35,Wheat,1,Pune,3,4935.0,3420
10,8,20,28,100,41,Wheat,1,Pune,3,17721.0,14283
10,8,18,30,73,46,Wheat,1,Pune,3,4615.0,33736
10,8,17,34,46,37,Wheat,1,Pune,1,8.0,3
10,8,20,29,49,50,Wheat,1,Pune,1,230.0,5665
10,8,22,31,59,42,Wheat,1,Pune,3,1122.0,2458
10,8,21,30,68,39,Wheat,1,Pune,3,8.0,=
10,8,19,29,77,50,Wheat,1,Pune,3,19428.0,46899
10,8,18,27,86,47,Wheat,1,Pune,1,46.0,20
10,8,17,32,94,42,Wheat,1,Pune,1,17.0,13
10,8,16,33,56,31,Wheat,1,Pune,1,179.0,97
10,8,18,30,72,48,Wheat,1,Pune,3,356.0,169
10,8,15,31,85,33,Wheat,1,Pune,3,5010.0,265981
10,8,21,27,64,51,Wheat,1,Pune,3,725.0,4247685
10,8,20,36,71,67,Wheat,1,Pune,1,4470.0,1797
10,8,19,39,49,38,Wheat,1,Pune,1,112.0,9968
10,8,21,35,84,41,Wheat,1,Pune,3,55286.0,33503
10,8,19,30,95,41,Wheat,1,Pune,3,13.0,77
10,8,20,31,100,36,Wheat,1,Pune,3,700.0,1179
10,8,18,29,64,46,Wheat,1,Pune,1,66013.0,11156
10,8,19,30,86,58,Wheat,1,Pune,1,2010.0,1465
10,8,18,29,67,55,Wheat,1,Pune,1,4328.0,3795
10,8,21,26,57,59,Wheat,1,Pune,3,4338.0,2977
10,8,19,24,87,35,Wheat,1,Pune,3,1968.0,7307
10,8,20,28,48,41,Wheat,1,Pune,3,814077.0,446928
10,8,18,30,64,46,Wheat,1,Pune,1,655.0,317
10,8,17,34,76,67,Wheat,1,Pune,1,2606.0,2069
10,8,20,29,87,50,Wheat,1,Pune,3,10726.0,51174
10,8,22,31,93,42,Wheat,1,Pune,3,32.0,286
10,8,21,30,101,39,Wheat,1,Pune,3,791.0,251
10,8,19,29,73,50,Wheat,1,Pune,1,1620.0,26924
10,8,18,27,86,47,Wheat,1,Pune,1,1.0,=
10,8,17,32,94,42,Wheat,1,Pune,3,1876.0,3343
10,8,16,33,56,31,Wheat,1,Pune,3,34973.0,102007
10,8,18,30,72,48,Wheat,1,Pune,3,371.0,345
10,8,15,31,85,33,Wheat,1,Pune,1,1682.0,2866
10,8,21,27,64,59,Wheat,1,Pune,1,14.0,6
10,8,20,36,51,38,Wheat,1,Pune,1,5.0,4
10,8,19,39,49,38,Wheat,1,Pune,3,94240.0,73601
10,8,21,35,67,41,Wheat,1,Pune,3,19993.0,34068
10,8,19,30,88,41,Wheat,1,Pune,3,1527.0,860
10,8,20,31,73,36,Wheat,1,Pune,1,13274.0,8296
10,8,18,29,88,46,Wheat,1,Pune,1,4750.0,43306
10,8,19,30,91,58,Wheat,1,Pune,3,83.0,29
10,8,18,29,104,55,Wheat,1,Pune,3,306.0,8233
7,9,19,31,312,53,Bajra,1,Pune,2,556.0,831
7,9,20,30,110,49,Bajra,1,Pune,2,24828.0,69394
7,9,21,30,412,31,Bajra,1,Pune,2,45.0,31
7,9,19,29,512,64,Bajra,1,Pune,2,559.0,299
7,9,18,31,390,72,Bajra,1,Pune,2,131.0,171
7,9,21,30,420,38,Bajra,1,Pune,2,409.0,182
7,9,22,29,214,43,Bajra,1,Pune,2,4416.0,223825
7,9,18,30,672,56,Bajra,1,Pune,2,5323.0,3604
7,9,19,31,286,23,Bajra,1,Pune,2,21.0,236
7,9,17,30,190,37,Bajra,1,Pune,2,235.0,20981
7,9,21,31,316,53,Bajra,1,Pune,2,17615.0,14072
7,9,20,30,497,42,Bajra,1,Pune,2,4.0,51
7,9,17,30,562,61,Bajra,1,Pune,2,174.0,282
7,9,19,29,346,72,Bajra,1,Pune,2,13.0,102
7,9,16,31,400,34,Bajra,1,Pune,2,51728.0,4293
7,9,24,29,168,47,Bajra,1,Pune,2,2614.0,3307
7,9,25,30,265,50,Bajra,1,Pune,2,30203.0,1843
7,9,19,28,317,64,Bajra,1,Pune,2,19299.0,12069
7,9,20,30,250,77,Bajra,1,Pune,2,846.0,150
7,9,21,30,268,55,Bajra,1,Pune,2,4101.0,10425
7,9,19,29,503,50,Bajra,1,Pune,2,733960.0,174682
7,9,18,31,390,43,Bajra,1,Pune,2,1212.0,645
7,9,21,30,420,38,Bajra,1,Pune,2,7190.0,7535
7,9,22,29,684,50,Bajra,1,Pune,2,25447.0,63465
7,9,18,30,134,48,Bajra,1,Pune,2,15.0,117
7,9,19,29,286,61,Bajra,1,Pune,2,785.0,504
7,9,17,30,320,72,Bajra,1,Pune,2,2757.0,39563
7,9,21,31,245,32,Bajra,1,Pune,2,3.0,1
7,9,20,30,429,29,Bajra,1,Pune,2,50.0,1007
7,9,17,34,516,46,Bajra,1,Pune,2,1574.0,2679
7,9,19,29,345,51,Bajra,1,Pune,2,37720.0,94531
7,9,16,31,400,68,Bajra,1,Pune,2,1092.0,714
7,9,24,34,295,77,Bajra,1,Pune,2,1656.0,2676
7,9,22,30,365,54,Bajra,1,Pune,2,32.0,17
7,9,19,31,110,62,Bajra,1,Pune,2,17.0,1
7,9,20,34,250,34,Bajra,1,Pune,2,116.0,147
7,9,21,28,318,67,Bajra,1,Pune,2,15.0,12
7,9,19,29,468,59,Bajra,1,Pune,2,64.0,83
7,9,18,31,587,41,Bajra,1,Pune,2,68483.0,38008
7,9,21,32,137,32,Bajra,1,Pune,2,19876.0,32696
7,9,22,33,270,67,Bajra,1,Pune,2,986.0,577
7,9,18,34,342,56,Bajra,1,Pune,2,7907.0,3882
7,9,19,31,437,38,Bajra,1,Pune,2,6208.0,48168
7,9,17,30,500,48,Bajra,1,Pune,2,132.0,79
7,9,21,31,268,53,Bajra,1,Pune,2,208.0,4259
7,9,20,30,316,62,Bajra,1,Pune,2,1695.0,3421
7,9,17,29,401,77,Bajra,1,Pune,2,10948.0,25542
7,9,19,35,567,55,Bajra,1,Pune,2,84.0,63
7,9,16,31,109,42,Bajra,1,Pune,2,10.0,7
7,9,21,29,295,38,Bajra,1,Pune,2,446.0,313
7,9,19,30,319,54,Bajra,1,Pune,2,75.0,100
6,18,19,32,512,46,Sugarcane,1,Nanded,1,541.0,267
6,18,20,30,527,37,Sugarcane,1,Nanded,2,8000.0,505176
6,18,23,32,648,57,Sugarcane,1,Nanded,3,895.0,7165320
6,18,21,33,786,62,Sugarcane,1,Nanded,1,2399.0,1327
6,18,18,29,467,71,Sugarcane,1,Nanded,2,18.0,181
6,18,17,30,865,49,Sugarcane,1,Nanded,3,410.0,39186
6,18,19,33,318,56,Sugarcane,1,Nanded,1,13277.0,12094
6,18,19,31,529,74,Sugarcane,1,Nanded,2,2.0,26
6,18,21,32,678,68,Sugarcane,1,Nanded,3,140.0,226
6,18,20,32,764,42,Sugarcane,1,Nanded,1,321.0,2645
6,18,20,30,468,51,Sugarcane,1,Nanded,2,558.0,302
6,18,22,33,527,67,Sugarcane,1,Nanded,2,56586.0,8035
6,18,23,34,438,84,Sugarcane,1,Nanded,3,2176.0,1456
6,18,24,32,315,39,Sugarcane,1,Nanded,1,451.0,8211
6,18,21,30,527,46,Sugarcane,1,Nanded,2,24154.0,9179
6,18,18,31,648,59,Sugarcane,1,Nanded,3,2.0,1
6,18,17,30,786,67,Sugarcane,1,Nanded,1,27566.0,35511
6,18,19,34,511,71,Sugarcane,1,Nanded,2,586.0,36
6,18,19,29,312,80,Sugarcane,1,Nanded,3,2736.0,5603
6,18,18,28,451,56,Sugarcane,1,Nanded,1,238.0,7606
6,18,24,30,529,37,Sugarcane,1,Nanded,2,708708.0,295531
6,18,23,31,678,46,Sugarcane,1,Nanded,3,848.0,589
6,18,24,34,764,58,Sugarcane,1,Nanded,1,7599.0,6930
6,18,21,35,468,37,Sugarcane,1,Nanded,2,422.0,3752
6,18,25,30,527,59,Sugarcane,1,Nanded,3,7.0,3
6,18,18,28,314,68,Sugarcane,1,Nanded,1,22039.0,63516
6,18,19,29,421,79,Sugarcane,1,Nanded,2,6276.0,57601
6,18,19,30,527,64,Sugarcane,1,Nanded,3,481.0,266
6,18,18,32,648,51,Sugarcane,1,Nanded,1,1548.0,25393
6,18,17,33,786,46,Sugarcane,1,Nanded,2,447.0,17197
6,18,24,31,511,39,Sugarcane,1,Nanded,3,1279.0,17671
6,18,21,32,865,56,Sugarcane,1,Nanded,1,1589.0,2336
6,18,23,34,618,56,Sugarcane,1,Nanded,2,22056.0,58691
6,18,21,35,617,74,Sugarcane,1,Nanded,3,2106.0,41876
6,18,20,29,764,68,Sugarcane,1,Nanded,1,1343.0,1613
6,18,20,38,845,58,Sugarcane,1,Nanded,2,919.0,1671
6,18,19,30,527,47,Sugarcane,1,Nanded,2,76.0,6954
6,18,18,30,619,51,Sugarcane,1,Nanded,3,6121.0,5197
6,18,19,34,734,53,Sugarcane,1,Nanded,1,10.0,14
6,18,20,31,384,34,Sugarcane,1,Nanded,2,2552.0,38561
6,18,24,32,467,41,Sugarcane,1,Nanded,3,65.0,728
6,18,21,32,648,57,Sugarcane,1,Nanded,1,31.0,29
6,18,20,34,786,62,Sugarcane,1,Nanded,2,20.0,13
6,18,22,35,511,71,Sugarcane,1,Nanded,3,251.0,4570
6,18,23,32,365,49,Sugarcane,1,Nanded,1,232.0,88
6,18,24,31,475,56,Sugarcane,1,Nanded,2,2606.0,1631
6,18,22,34,529,64,Sugarcane,1,Nanded,3,77.0,99
6,18,18,29,678,59,Sugarcane,1,Nanded,1,81.0,74
6,18,17,28,527,84,Sugarcane,1,Nanded,2,70.0,159
6,18,19,30,468,37,Sugarcane,1,Nanded,3,89676.0,77301
6,18,20,31,674,64,Sugarcane,1,Nanded,1,20987.0,34419
6,18,24,32,438,43,Sugarcane,1,Nanded,2,1997.0,1322
5,9,23,32,529,47,Cotton,0,Nanded,2,5795.0,3141
5,9,22,31,467,57,Cotton,0,Nanded,3,7070.0,50098
5,9,19,31,318,67,Cotton,0,Nanded,2,117.0,79
5,9,24,33,515,64,Cotton,0,Nanded,3,84.0,1195
5,9,25,34,487,29,Cotton,0,Nanded,2,36.0,634
5,9,23,31,681,28,Cotton,0,Nanded,3,823.0,1227
5,9,21,31,429,34,Cotton,0,Nanded,2,6998.0,17768
5,9,22,32,348,47,Cotton,0,Nanded,3,20.0,33
5,9,20,34,654,51,Cotton,0,Nanded,2,15.0,18
5,9,19,33,498,67,Cotton,0,Nanded,3,4459.0,1904
5,9,23,30,754,77,Cotton,0,Nanded,2,7.0,67
5,9,22,35,648,69,Cotton,0,Nanded,3,115.0,178
5,9,24,36,354,55,Cotton,0,Nanded,2,1395.0,31096
5,9,25,34,514,62,Cotton,0,Nanded,3,153.0,156
5,9,23,35,486,38,Cotton,0,Nanded,2,134.0,151
5,9,22,34,346,29,Cotton,0,Nanded,3,646.0,5571000
5,9,24,33,765,37,Cotton,0,Nanded,2,453.0,186
5,9,22,32,845,26,Cotton,0,Nanded,3,49932.0,9287
5,9,23,36,675,44,Cotton,0,Nanded,2,1332.0,1227
5,9,24,31,529,37,Cotton,0,Nanded,3,407.0,8624
5,9,23,30,467,74,Cotton,0,Nanded,2,2.0,38
5,9,24,34,529,43,Cotton,0,Nanded,3,9.0,3
5,9,24,31,634,56,Cotton,0,Nanded,2,11416.0,5366
5,9,26,32,721,69,Cotton,0,Nanded,3,37661.0,77316
5,9,24,30,462,55,Cotton,0,Nanded,2,527.0,253
5,9,24,33,385,43,Cotton,0,Nanded,2,2647.0,3965
5,9,25,34,470,32,Cotton,0,Nanded,3,247.0,5644
5,9,23,35,515,52,Cotton,0,Nanded,2,711145.0,286591
5,9,21,36,624,68,Cotton,0,Nanded,3,2317.0,1353
5,9,22,31,764,74,Cotton,0,Nanded,2,14486.0,9749
5,9,24,32,346,72,Cotton,0,Nanded,3,391.0,2003
5,9,25,33,497,69,Cotton,0,Nanded,2,7.0,3
5,9,26,30,513,59,Cotton,0,Nanded,3,27087.0,53226
5,9,24,36,628,47,Cotton,0,Nanded,2,8711.0,74653
5,9,23,34,764,51,Cotton,0,Nanded,3,481.0,534
5,9,24,32,324,43,Cotton,0,Nanded,2,1414.0,31097
5,9,125,33,467,47,Cotton,0,Nanded,3,62.0,18
5,9,24,34,529,51,Cotton,0,Nanded,2,13865.0,9431
5,9,23,35,619,67,Cotton,0,Nanded,3,230.0,22418
5,9,24,32,765,73,Cotton,0,Nanded,2,1450.0,23722
5,9,24,34,876,48,Cotton,0,Nanded,3,2055.0,3163
5,9,23,31,570,39,Cotton,0,Nanded,2,28114.0,59377
5,9,22,33,650,53,Cotton,0,Nanded,3,2181.0,20517
5,9,26,31,529,48,Cotton,0,Nanded,2,935.0,856
5,9,23,32,614,39,Cotton,0,Nanded,3,2401.0,3866
5,9,24,34,529,34,Cotton,0,Nanded,2,281.0,26505
5,9,22,35,467,57,Cotton,0,Nanded,3,8109.0,6698
5,9,23,33,745,49,Cotton,0,Nanded,2,6.0,11
5,9,23,32,529,47,Cotton,1,Nanded,3,2991.0,88620
5,9,22,31,467,57,Cotton,1,Nanded,2,46.0,567
5,9,19,31,318,67,Cotton,1,Nanded,2,48.0,45
5,9,24,33,515,64,Cotton,1,Nanded,3,17.0,16
5,9,25,34,487,29,Cotton,1,Nanded,2,356.0,7543
5,9,23,31,681,28,Cotton,1,Nanded,3,11.0,207
5,9,21,31,429,34,Cotton,1,Nanded,2,31.0,15
5,9,22,32,348,47,Cotton,1,Nanded,3,1971.0,1234
5,9,20,34,654,51,Cotton,1,Nanded,2,62.0,127
5,9,19,33,498,67,Cotton,1,Nanded,3,32.0,26
5,9,23,30,754,77,Cotton,1,Nanded,2,27.0,54
5,9,22,35,648,69,Cotton,1,Nanded,3,85768.0,68614
5,9,24,36,354,55,Cotton,1,Nanded,2,17303.0,26335
5,9,25,34,514,62,Cotton,1,Nanded,3,2510.0,1416
5,9,23,35,486,38,Cotton,1,Nanded,2,6605.0,3137
5,9,22,34,346,29,Cotton,1,Nanded,3,7777.0,57970
5,9,24,33,765,37,Cotton,1,Nanded,2,129.0,81
5,9,22,32,845,26,Cotton,1,Nanded,3,611.0,14317
5,9,23,36,675,44,Cotton,1,Nanded,2,5.0,6
5,9,24,31,529,37,Cotton,1,Nanded,3,822.0,1462
5,9,23,30,467,74,Cotton,1,Nanded,2,12283.0,28558
5,9,24,34,529,43,Cotton,1,Nanded,3,58.0,41
5,9,24,31,634,56,Cotton,1,Nanded,2,11.0,10
5,9,26,32,721,69,Cotton,1,Nanded,3,5911.0,2879
5,9,24,30,462,55,Cotton,1,Nanded,2,1.0,9
5,9,24,33,385,43,Cotton,1,Nanded,3,183.0,309
5,9,25,34,470,32,Cotton,1,Nanded,2,3482.0,80532
5,9,23,35,515,52,Cotton,1,Nanded,2,4.0,3
5,9,21,36,624,68,Cotton,1,Nanded,3,62.0,39
5,9,22,31,764,74,Cotton,1,Nanded,2,8661.0,483881
5,9,24,32,346,72,Cotton,1,Nanded,3,9.0,3
5,9,25,33,497,69,Cotton,1,Nanded,2,11447.0,5381
5,9,26,30,513,59,Cotton,1,Nanded,3,552.0,3969000
5,9,24,36,628,47,Cotton,1,Nanded,2,1971.0,1234
5,9,23,34,764,51,Cotton,1,Nanded,3,7.0,3
5,9,24,32,324,43,Cotton,1,Nanded,2,82.0,1179
5,9,125,33,467,47,Cotton,1,Nanded,3,58.0,41
5,9,24,34,529,51,Cotton,1,Nanded,2,1.0,9
5,9,23,35,619,67,Cotton,1,Nanded,3,62.0,39
5,9,24,32,765,73,Cotton,1,Nanded,2,37562.0,4845
5,9,24,34,876,48,Cotton,1,Nanded,3,1752.0,1028
5,9,23,31,570,39,Cotton,1,Nanded,2,320.0,7596
5,9,22,33,650,53,Cotton,1,Nanded,3,10.0,123
5,9,26,31,529,48,Cotton,1,Nanded,2,19.0,7
5,9,23,32,614,39,Cotton,1,Nanded,3,10320.0,5903
5,9,24,34,529,34,Cotton,1,Nanded,2,162.0,84
5,9,22,35,467,57,Cotton,1,Nanded,3,73734.0,103779
5,9,23,33,745,49,Cotton,1,Nanded,2,982.0,410
6,5,24,32,938,60,Jowar,0,Nanded,3,2799.0,11848
6,5,22,31,986,58,Jowar,0,Nanded,2,309.0,6886
6,5,21,33,859,77,Jowar,0,Nanded,3,550794.0,148714
6,5,19,34,675,49,Jowar,0,Nanded,2,3692.0,1658
6,5,20,35,770,84,Jowar,0,Nanded,1,13189.0,4234
6,5,24,29,967,67,Jowar,0,Nanded,2,416.0,3618
6,5,24,32,1054,57,Jowar,0,Nanded,3,16839.0,42687
6,5,21,30,1124,77,Jowar,0,Nanded,1,11278.0,70939
6,5,23,31,1200,47,Jowar,0,Nanded,2,15.0,106
6,5,25,33,674,57,Jowar,0,Nanded,3,2428.0,2994
6,5,25,34,958,81,Jowar,0,Nanded,1,1969.0,35214
6,5,26,32,830,67,Jowar,0,Nanded,2,25.0,2
6,5,22,33,786,63,Jowar,0,Nanded,3,31.0,49
6,5,23,34,698,75,Jowar,0,Nanded,1,374.0,29443
6,5,24,29,1245,54,Jowar,0,Nanded,2,1572.0,16416
6,5,22,30,1004,49,Jowar,0,Nanded,3,15.0,281
6,5,24,31,1137,68,Jowar,0,Nanded,1,1136.0,1713
6,5,22,32,988,54,Jowar,0,Nanded,2,22658.0,68155
6,5,25,30,875,77,Jowar,0,Nanded,3,2151.0,19520
6,5,24,29,768,48,Jowar,0,Nanded,1,691.0,606
6,5,22,29,679,67,Jowar,0,Nanded,2,44.0,50
6,5,26,34,901,61,Jowar,0,Nanded,3,30.0,2456
6,5,24,32,198,80,Jowar,0,Nanded,1,5066.0,1180
6,5,25,33,1167,57,Jowar,0,Nanded,2,15.0,43
6,5,26,35,1204,49,Jowar,0,Nanded,3,3976.0,113236
6,5,23,34,550,60,Jowar,0,Nanded,1,19.0,223
6,5,22,33,746,73,Jowar,0,Nanded,2,188.0,249
6,5,24,29,638,81,Jowar,0,Nanded,3,47.0,28
6,5,22,29,880,62,Jowar,0,Nanded,1,468.0,11108
6,5,23,30,930,51,Jowar,0,Nanded,2,2.0,25
6,5,24,31,1045,48,Jowar,0,Nanded,3,229.0,131
6,5,25,29,1138,75,Jowar,0,Nanded,1,8223.0,4251
6,5,26,33,1247,63,Jowar,0,Nanded,2,884.0,1244
6,5,25,35,801,52,Jowar,0,Nanded,3,234.0,263
6,5,24,32,938,60,Jowar,0,Nanded,1,124.0,387
6,5,24,32,945,74,Jowar,0,Nanded,2,68092.0,38676
6,5,24,32,938,60,Jowar,1,Nanded,3,14957.0,24679
6,5,22,31,986,58,Jowar,1,Nanded,1,8079.0,3700
6,5,21,33,859,77,Jowar,1,Nanded,2,5263.0,1368
6,5,19,34,675,49,Jowar,1,Nanded,3,4474.0,31618
6,5,20,35,770,84,Jowar,1,Nanded,1,586.0,481
6,5,24,29,967,67,Jowar,1,Nanded,2,297.0,6767
6,5,24,32,1054,57,Jowar,1,Nanded,3,2.0,2
6,5,21,30,1124,77,Jowar,1,Nanded,1,77.0,1442
6,5,23,31,1200,47,Jowar,1,Nanded,2,734.0,1122
6,5,25,33,674,57,Jowar,1,Nanded,3,6553.0,14377
6,5,25,34,958,81,Jowar,1,Nanded,1,310.0,87
6,5,26,32,830,67,Jowar,1,Nanded,2,47.0,41
6,5,22,33,786,63,Jowar,1,Nanded,3,3386.0,1642
6,5,23,34,698,75,Jowar,1,Nanded,1,4.0,44
6,5,24,29,1245,54,Jowar,1,Nanded,2,341.0,635
6,5,22,30,1004,49,Jowar,1,Nanded,3,4191.0,87055
6,5,24,31,1137,68,Jowar,1,Nanded,1,42.0,61
6,5,22,32,988,54,Jowar,1,Nanded,2,687.0,5756000
6,5,25,30,875,77,Jowar,1,Nanded,3,29211.0,82532
6,5,24,29,768,48,Jowar,1,Nanded,1,6100.0,900
6,5,22,29,679,67,Jowar,1,Nanded,2,1700.0,1900
6,5,26,34,901,61,Jowar,1,Nanded,3,600.0,800
6,5,24,32,198,80,Jowar,1,Nanded,1,234900.0,144200
6,5,25,33,1167,57,Jowar,1,Nanded,2,3100.0,2000
6,5,26,35,1204,49,Jowar,1,Nanded,3,2400.0,1500
6,5,23,34,550,60,Jowar,1,Nanded,1,100.0,300
6,5,22,33,746,73,Jowar,1,Nanded,2,200.0,100
6,5,24,29,638,81,Jowar,1,Nanded,3,2200.0,300
6,5,22,29,880,62,Jowar,1,Nanded,1,10800.0,9900
6,5,23,30,930,51,Jowar,1,Nanded,2,42300.0,84400
6,5,24,31,1045,48,Jowar,1,Nanded,3,1300.0,200
6,5,25,29,1138,75,Jowar,1,Nanded,1,400.0,100
6,5,26,33,1247,63,Jowar,1,Nanded,2,29600.0,2775100
6,5,25,35,801,52,Jowar,1,Nanded,3,1300.0,600
6,5,24,32,938,60,Jowar,1,Nanded,1,3000.0,2100
6,5,24,32,945,74,Jowar,1,Nanded,2,28300.0,69800
6,4,26,33,115,62,Soyabean,1,Akola,2,1200.0,400
6,4,25,34,95,57,Soyabean,1,Akola,2,1600.0,2300
6,4,24,35,84,48,Soyabean,1,Akola,2,57400.0,137400
6,4,25,32,104,59,Soyabean,1,Akola,2,900.0,400
6,4,26,33,124,62,Soyabean,1,Akola,2,6100.0,1000
6,4,27,31,131,77,Soyabean,1,Akola,2,1700.0,3400
6,4,26,33,79,80,Soyabean,1,Akola,2,200.0,100
6,4,28,35,84,49,Soyabean,1,Akola,2,600.0,900
6,4,27,34,93,57,Soyabean,1,Akola,2,235500.0,211000
6,4,25,33,107,61,Soyabean,1,Akola,2,3000.0,1700
6,4,26,35,113,70,Soyabean,1,Akola,2,2500.0,1400
6,4,24,30,127,81,Soyabean,1,Akola,2,100.0,100
6,4,26,31,131,64,Soyabean,1,Akola,2,100.0,300
6,4,24,32,65,78,Soyabean,1,Akola,2,300.0,200
6,4,25,33,77,56,Soyabean,1,Akola,2,2300.0,400
6,4,26,34,88,49,Soyabean,1,Akola,2,10800.0,11000
6,4,26,34,91,79,Soyabean,1,Akola,2,42000.0,105400
6,4,27,35,105,80,Soyabean,1,Akola,2,1500.0,300
6,4,28,36,111,66,Soyabean,1,Akola,2,400.0,100
6,4,27,33,124,55,Soyabean,1,Akola,2,1000.0,700
6,4,26,32,137,45,Soyabean,1,Akola,2,200.0,200
6,4,25,33,141,74,Soyabean,1,Akola,2,3200.0,4100
6,4,26,34,154,68,Soyabean,1,Akola,2,31100.0,83800
6,4,27,35,73,77,Soyabean,1,Akola,2,1100.0,800
6,4,28,32,82,66,Soyabean,1,Akola,2,100.0,300
6,4,25,34,94,55,Soyabean,1,Akola,2,1600.0,2700
6,4,26,37,108,49,Soyabean,1,Akola,2,62400.0,159200
6,4,26,33,113,51,Soyabean,1,Akola,2,300.0,100
6,4,27,29,125,61,Soyabean,1,Akola,2,800.0,300
6,4,22,28,138,67,Soyabean,1,Akola,2,34500.0,3377000
6,4,26,31,147,73,Soyabean,1,Akola,2,2531.0,2817
6,4,27,33,84,68,Soyabean,1,Akola,2,185.0,35
6,4,24,32,94,81,Soyabean,1,Akola,2,2.0,2
6,4,25,31,114,66,Soyabean,1,Akola,2,188615.0,79784
6,4,27,33,119,71,Soyabean,1,Akola,2,3350.0,1853
6,4,24,29,124,64,Soyabean,1,Akola,2,1360.0,797
6,4,26,32,109,57,Soyabean,1,Akola,2,181.0,514
6,4,25,34,137,49,Soyabean,1,Akola,2,5096.0,637
6,4,26,31,114,62,Soyabean,1,Akola,2,159.0,113
6,4,22,30,94,68,Soyabean,1,Akola,2,8199.0,5666
6,4,26,36,115,73,Soyabean,1,Akola,2,37542.0,75477
6,4,22,31,87,55,Soyabean,1,Akola,2,484.0,117
6,4,25,32,134,62,Soyabean,1,Akola,2,1207.0,700
6,4,28,37,127,69,Soyabean,1,Akola,2,120.0,73
6,4,25,34,117,72,Soyabean,1,Akola,2,68.0,76
6,4,26,33,134,77,Soyabean,1,Akola,2,1.0,1
6,4,21,29,87,57,Soyabean,1,Akola,2,26755.0,63383
6,4,24,33,115,62,Soyabean,1,Akola,2,2034.0,620
6,4,23,32,984,66,Soyabean,0,Nagpur,2,39.0,40
6,4,25,37,864,65,Soyabean,0,Nagpur,2,28.0,2
6,4,24,34,1200,65,Soyabean,0,Nagpur,2,67.0,324
6,4,25,33,1400,66,Soyabean,0,Nagpur,2,85.0,23
6,4,24,29,698,68,Soyabean,0,Nagpur,2,1354.0,1887
6,4,24,28,1100,67,Soyabean,0,Nagpur,2,37489.0,76800
6,4,26,31,1056,67,Soyabean,0,Nagpur,2,587.0,135
6,4,25,33,964,78,Soyabean,0,Nagpur,2,70.0,46
6,4,26,32,1045,85,Soyabean,0,Nagpur,2,3370.0,4968
6,4,25,31,1400,65,Soyabean,0,Nagpur,2,548.0,8149
6,4,26,33,698,54,Soyabean,0,Nagpur,2,44929.0,4097998
6,4,24,29,1100,77,Soyabean,0,Nagpur,2,17.0,17
6,4,24,32,866,64,Soyabean,0,Nagpur,2,6032.0,2172
6,4,25,34,945,78,Soyabean,0,Nagpur,2,3771.0,4936
6,4,23,31,1200,56,Soyabean,0,Nagpur,2,546.0,166
6,4,22,30,1055,64,Soyabean,0,Nagpur,2,19.0,25
6,4,25,36,999,79,Soyabean,0,Nagpur,2,522.0,770
6,4,22,31,1006,80,Soyabean,0,Nagpur,2,6.0,5
6,4,24,32,999,66,Soyabean,0,Nagpur,2,192106.0,218617
6,4,22,33,875,54,Soyabean,0,Nagpur,2,3774.0,2004
6,4,26,37,955,49,Soyabean,0,Nagpur,2,3556.0,2703
6,4,25,34,1054,74,Soyabean,0,Nagpur,2,13.0,9
6,4,26,29,1099,81,Soyabean,0,Nagpur,2,357.0,930
6,4,24,31,865,67,Soyabean,0,Nagpur,2,6.0,53
6,4,25,30,999,52,Soyabean,0,Nagpur,2,138.0,61
6,4,27,34,864,48,Soyabean,0,Nagpur,2,286.0,3991
6,4,26,35,1200,71,Soyabean,0,Nagpur,2,2988.0,650
6,4,25,36,1400,80,Soyabean,0,Nagpur,2,1653.0,464
6,4,24,33,698,63,Soyabean,0,Nagpur,2,11350.0,12133
6,4,23,31,774,58,Soyabean,0,Nagpur,2,33776.0,89236
6,4,24,30,1056,47,Soyabean,0,Nagpur,2,2348.0,587
6,4,23,29,857,61,Soyabean,0,Nagpur,2,432.0,100
6,4,22,28,1045,77,Soyabean,0,Nagpur,2,2361.0,596
6,4,24,31,1207,80,Soyabean,0,Nagpur,2,535.0,449
6,4,26,32,698,54,Soyabean,0,Nagpur,2,120.0,7
6,4,24,32,786,77,Soyabean,0,Nagpur,2,393.0,514
6,4,25,34,866,64,Soyabean,0,Nagpur,2,2676.0,3056
6,4,27,33,945,49,Soyabean,0,Nagpur,2,22396.0,60156
6,4,25,30,1075,81,Soyabean,0,Nagpur,2,1509.0,318
6,4,23,32,1137,66,Soyabean,0,Nagpur,2,54.0,65
6,4,27,35,1245,74,Soyabean,0,Nagpur,2,30.0,6
6,4,26,34,957,80,Soyabean,0,Nagpur,2,56.0,302
6,4,24,32,888,66,Soyabean,0,Nagpur,2,42.0,14
6,4,25,31,774,75,Soyabean,0,Nagpur,2,230.0,5494
6,4,23,30,1065,71,Soyabean,0,Nagpur,2,13.0,2
6,4,24,29,1179,66,Soyabean,0,Nagpur,2,13.0,2
6,4,22,28,1245,57,Soyabean,0,Nagpur,2,1667.0,2405
6,4,25,32,999,66,Soyabean,0,Nagpur,2,2.0,1
6,4,23,32,984,66,Soyabean,1,Nagpur,2,41442.0,97181
6,4,25,37,864,65,Soyabean,1,Nagpur,2,735.0,154
6,4,24,34,1200,65,Soyabean,1,Nagpur,2,168.0,135
6,4,25,33,1400,66,Soyabean,1,Nagpur,2,5.0,3
6,4,24,29,698,68,Soyabean,1,Nagpur,2,953.0,19033
6,4,24,28,1100,67,Soyabean,1,Nagpur,2,126.0,27
6,4,26,31,1056,67,Soyabean,1,Nagpur,2,4011.0,17215660
6,4,25,33,964,78,Soyabean,1,Nagpur,2,60.0,19
6,4,26,32,1045,85,Soyabean,1,Nagpur,2,957.0,8177
6,4,25,31,1400,65,Soyabean,1,Nagpur,2,40539.0,3697441
6,4,26,33,698,54,Soyabean,1,Nagpur,2,163.0,2203
6,4,24,29,1100,77,Soyabean,1,Nagpur,2,1.0,8
6,4,24,32,866,64,Soyabean,1,Nagpur,2,14.0,13
6,4,25,34,945,78,Soyabean,1,Nagpur,2,89.0,620
6,4,23,31,1200,56,Soyabean,1,Nagpur,2,5403.0,924
6,4,22,30,1055,64,Soyabean,1,Nagpur,2,2934.0,3556
6,4,25,36,999,79,Soyabean,1,Nagpur,2,313.0,88
6,4,22,31,1006,80,Soyabean,1,Nagpur,2,2.0,2
6,4,24,32,999,66,Soyabean,1,Nagpur,2,443.0,641
6,4,22,33,875,54,Soyabean,1,Nagpur,2,5.0,6
6,4,26,37,955,49,Soyabean,1,Nagpur,2,171365.0,125096
6,4,25,34,1054,74,Soyabean,1,Nagpur,2,2373.0,1241
6,4,26,29,1099,81,Soyabean,1,Nagpur,2,2400.0,2174
6,4,24,31,865,67,Soyabean,1,Nagpur,2,13.0,10
6,4,25,30,999,52,Soyabean,1,Nagpur,2,294.0,786
6,4,27,34,864,48,Soyabean,1,Nagpur,2,5.0,43
6,4,26,35,1200,71,Soyabean,1,Nagpur,2,225.0,109
6,4,25,36,1400,80,Soyabean,1,Nagpur,2,248.0,3441
6,4,24,33,698,63,Soyabean,1,Nagpur,2,2351.0,654
6,4,23,31,774,58,Soyabean,1,Nagpur,2,11835.0,8758
6,4,24,30,1056,47,Soyabean,1,Nagpur,2,24377.0,55311
6,4,23,29,857,61,Soyabean,1,Nagpur,2,1976.0,522
6,4,22,28,1045,77,Soyabean,1,Nagpur,2,162.0,27
6,4,24,31,1207,80,Soyabean,1,Nagpur,2,1989.0,532
6,4,26,32,698,54,Soyabean,1,Nagpur,2,1358.0,1177
6,4,24,32,786,77,Soyabean,1,Nagpur,2,141.0,51
6,4,25,34,866,64,Soyabean,1,Nagpur,2,258.0,313
6,4,27,33,945,49,Soyabean,1,Nagpur,2,2958.0,4609
6,4,25,30,1075,81,Soyabean,1,Nagpur,2,21443.0,59311
6,4,23,32,1137,66,Soyabean,1,Nagpur,2,1569.0,849
6,4,27,35,1245,74,Soyabean,1,Nagpur,2,46.0,67
6,4,26,34,957,80,Soyabean,1,Nagpur,2,21.0,5
6,4,24,32,888,66,Soyabean,1,Nagpur,2,81.0,524
6,4,25,31,774,75,Soyabean,1,Nagpur,2,82.0,25
6,4,23,30,1065,71,Soyabean,1,Nagpur,2,304.0,6772
6,4,24,29,1179,66,Soyabean,1,Nagpur,2,1776.0,2366
6,4,22,28,1245,57,Soyabean,1,Nagpur,2,62049.0,170573
6,4,25,32,999,66,Soyabean,1,Nagpur,2,442.0,214
