,Starting month,Cultivation Time,Min-Temp ,Max-Temp ,Rainfall Requirement,Humidity  ,Crops,Irrigation,dis,Soil,area ,production
0,6,3,24,28,956,69,rice,0,Salem,1,1254.0,2000.0
1,6,3,25,26,1200,85,rice,0,Salem,1,2.0,1.0
2,6,3,26,31,1540,82,rice,0,Salem,3,102.0,321.0
3,6,3,24,26,1345,79,rice,0,Salem,3,176.0,641.0
4,6,3,23,27,1111,67,rice,0,Salem,3,720.0,165.0
5,6,3,19,27,965,89,rice,0,Salem,1,18168.0,65100000.0
6,6,3,20,29,899,79,rice,0,Salem,1,36.0,100.0
7,6,3,22,37,946,69,rice,0,Salem,1,1.0,2.0
8,6,3,24,28,1005,85,rice,0,Salem,3,5.0,15.0
9,6,3,23,32,1124,81,rice,0,Salem,3,40.0,169.0
10,6,3,21,31,1216,76,rice,0,Salem,3,1254.0,2061.0
11,6,3,24,28,1345,89,rice,0,Salem,1,2.0,1.0
12,6,3,25,29,1150,84,rice,0,Salem,1,83.0,300.0
13,6,3,26,29,1452,76,rice,0,Salem,3,719.0,192.0
14,6,3,24,31,1564,84,rice,0,Salem,3,18190.0,64430000.0
15,6,3,23,32,957,85,rice,0,Salem,3,46.0,100.0
16,6,3,19,27,913,76,rice,0,Salem,1,1.0,1.0
17,6,3,20,28,1045,64,rice,0,Salem,1,11.0,33.0
18,6,3,22,28,1354,91,rice,0,Salem,1,189.2,510.84
19,6,3,24,31,1548,90,rice,0,Salem,3,1258.0,2083.0
20,6,3,23,30,1124,85,rice,0,Salem,3,213.0,1278.0
21,6,3,21,31,1345,84,rice,0,Salem,3,63.0,13.5
22,6,3,24,28,1048,85,rice,0,Salem,1,719.0,208.0
23,6,3,23,32,1345,81,rice,0,Salem,1,18240.0,67490000.0
24,6,3,21,31,1114,76,rice,0,Salem,3,413.0,28.8
25,6,3,24,28,989,89,rice,0,Salem,3,47.3,133.0
26,6,3,25,29,1678,84,rice,0,Salem,3,5.0,40.0
27,6,3,26,29,1345,76,rice,0,Salem,1,52.0,90.17
28,6,3,24,31,1248,84,rice,0,Salem,1,1261.0,1525.0
29,6,3,23,32,1154,85,rice,0,Salem,1,266.0,1763.0
30,6,3,19,27,968,76,rice,0,Salem,3,75.5,15.86
31,6,3,20,28,1345,64,rice,0,Salem,3,717.0,208.5
32,6,3,22,28,1000,91,rice,0,Salem,3,18284.74,68580000.0
33,6,3,24,31,1467,90,rice,0,Salem,1,60.0,102.0
34,6,3,23,30,1258,85,rice,0,Salem,1,102.0,326.4
35,6,3,21,31,1345,84,rice,0,Salem,3,4.2,0.3
36,6,3,24,28,956,69,rice,1,Salem,3,52.94,72.57
37,6,3,25,26,1200,85,rice,1,Salem,3,1264.7,805.85
38,6,3,26,31,1540,82,rice,1,Salem,1,66.42,404.12
39,6,3,24,26,1345,79,rice,1,Salem,1,85.0,15.86
40,6,3,23,27,1111,67,rice,1,Salem,1,683.5,197.9
41,6,3,19,27,965,89,rice,1,Salem,3,18394.7,52380000.0
42,6,3,20,29,899,79,rice,1,Salem,3,60.0,145.2
43,6,3,22,37,946,69,rice,1,Salem,3,118.0,366.0
44,6,3,24,28,1005,85,rice,1,Salem,1,1.0,0.11
45,6,3,23,32,1124,81,rice,1,Salem,1,2.09,12.06
46,6,3,21,31,1216,76,rice,1,Salem,3,795.67,0.0
47,6,3,24,28,1345,89,rice,1,Salem,3,22.0,582.0
48,6,3,25,29,1150,84,rice,1,Salem,3,41.0,0.1
49,6,3,26,29,1452,76,rice,1,Salem,1,450.0,55.8
50,6,3,24,31,1564,84,rice,1,Salem,1,13876.57,52030000.0
51,6,3,23,32,957,85,rice,1,Salem,1,17.0,0.0
52,6,3,19,27,913,76,rice,1,Salem,3,10.0,70.0
53,6,3,20,28,1045,64,rice,1,Salem,3,896.0,477.6
54,6,3,22,28,1354,91,rice,1,Salem,3,198.0,976.0
55,6,3,24,31,1548,90,rice,1,Salem,1,22.16,0.68
56,6,3,23,30,1124,85,rice,1,Salem,1,450.0,85.13
57,6,3,21,31,1345,84,rice,1,Salem,3,14358.0,59370000.0
58,6,3,24,28,1048,85,rice,1,Salem,3,3.0,9.0
59,6,3,23,32,1345,81,rice,1,Salem,3,6.0,21.0
60,6,3,21,31,1114,76,rice,1,Salem,1,0.2,0.5
61,6,3,24,28,989,89,rice,1,Salem,1,18.0,86.0
62,6,3,25,29,1678,84,rice,1,Salem,1,52.03,450.0
63,6,3,26,29,1345,76,rice,1,Salem,3,2.5,1.03
64,6,3,24,31,1248,84,rice,1,Salem,3,3.5,10.0
65,6,3,23,32,1154,85,rice,1,Salem,3,13.4,41.75
66,6,3,19,27,968,76,rice,1,Salem,1,944.0,1610.0
67,6,3,20,28,1345,64,rice,1,Salem,1,23.0,8.5
68,6,3,22,28,1000,91,rice,1,Salem,3,1000.5,260.5
69,6,3,24,31,1467,90,rice,1,Salem,3,12.0,25.0
70,6,3,23,30,1258,85,rice,1,Salem,3,7.0,9.64
71,6,3,21,31,1345,84,rice,1,Salem,1,3.84,18.22
72,6,18,24,28,460,72,sugarcane,0,Salem,1,1.5,1.1
73,6,18,23,29,578,64,sugarcane,0,Salem,2,22.0,208.0
74,6,18,21,30,358,53,sugarcane,0,Salem,3,2.0,0.5
75,6,18,22,31,795,84,sugarcane,0,Salem,1,1.5,1.16
76,6,18,24,34,346,72,sugarcane,0,Salem,2,593.0,3425.0
77,6,18,25,32,468,46,sugarcane,0,Salem,3,14560.0,71300000.0
78,6,18,24,31,449,74,sugarcane,0,Salem,1,69.0,575.0
79,6,18,24,29,567,68,sugarcane,0,Salem,2,3100.0,5200.0
80,6,18,23,28,845,52,sugarcane,0,Salem,3,668.0,448.0
81,6,18,22,34,345,74,sugarcane,0,Salem,1,10779.0,31863.0
82,6,18,21,31,265,84,sugarcane,0,Salem,2,1531.0,12073.0
83,6,18,24,30,845,67,sugarcane,0,Salem,3,80.0,54.0
84,6,18,25,31,457,80,sugarcane,0,Salem,1,6992.0,23900000.0
85,6,18,23,30,865,71,sugarcane,0,Salem,2,352.0,1120.0
86,6,18,22,39,578,68,sugarcane,0,Salem,3,133.0,55.0
87,6,18,23,30,356,46,sugarcane,0,Salem,1,141.0,3736.0
88,6,18,21,34,687,75,sugarcane,0,Salem,2,78.0,843.0
89,6,18,23,35,753,85,sugarcane,0,Salem,3,160.0,2108.0
90,6,18,24,32,234,68,sugarcane,0,Salem,1,3100.0,5239.0
91,6,18,25,33,425,74,sugarcane,0,Salem,2,418.0,199.0
92,6,18,23,31,289,72,sugarcane,0,Salem,3,9718.0,27033.0
93,6,18,22,29,754,59,sugarcane,0,Salem,1,81.0,33.0
94,6,18,24,30,689,64,sugarcane,0,Salem,2,7015.0,25250000.0
95,6,18,21,34,479,81,sugarcane,0,Salem,3,344.0,1124.0
96,6,18,22,34,348,74,sugarcane,0,Salem,1,81.0,2379.0
97,6,18,23,31,467,64,sugarcane,0,Salem,2,100.0,5.0
98,6,18,24,29,845,59,sugarcane,0,Salem,3,6854.3,18995.62
99,6,18,24,28,523,75,sugarcane,0,Salem,1,1160.0,3011.7
100,6,18,24,30,685,60,sugarcane,0,Salem,2,957.57,8582.0
101,6,18,23,29,348,51,sugarcane,0,Salem,3,175.0,191.14
102,6,18,25,34,567,49,sugarcane,0,Salem,1,40.5,44.0
103,6,18,21,32,846,40,sugarcane,0,Salem,2,3575.0,15400000.0
104,6,18,23,31,234,39,sugarcane,0,Salem,3,235.72,824.3
105,6,18,24,29,546,72,sugarcane,0,Salem,1,98.66,929.0
106,6,18,22,28,876,80,sugarcane,0,Salem,2,35.62,21.4
107,6,18,25,30,356,59,sugarcane,0,Salem,3,71.3,1500.0
108,6,18,25,29,467,87,sugarcane,0,Salem,1,30.0,240.0
109,6,18,24,30,598,64,sugarcane,0,Salem,2,255.0,1420.0
110,6,18,24,31,498,48,sugarcane,0,Salem,3,68.0,408.0
111,6,18,23,34,675,71,sugarcane,0,Salem,1,6791.0,20118.0
112,6,18,24,28,460,72,sugarcane,1,Salem,2,73.33,889.2
113,6,18,23,29,578,64,sugarcane,1,Salem,3,1296.0,2290.0
114,6,18,21,30,358,53,sugarcane,1,Salem,1,294.5,90.8
115,6,18,22,31,795,84,sugarcane,1,Salem,2,168.0,13.5
116,6,18,24,34,346,72,sugarcane,1,Salem,3,84.5,39.0
117,6,18,25,32,468,46,sugarcane,1,Salem,1,254.0,402.0
118,6,18,24,31,449,74,sugarcane,1,Salem,2,110.0,1011.84
119,6,18,24,29,567,68,sugarcane,1,Salem,3,4.75,6.8
120,6,18,23,28,845,52,sugarcane,1,Salem,1,86.7,96.4
121,6,18,22,34,345,74,sugarcane,1,Salem,2,1168.6,556.55
122,6,18,21,31,265,84,sugarcane,1,Salem,3,2.9,1.9
123,6,18,24,30,845,67,sugarcane,1,Salem,1,109.0,480.0
124,6,18,25,31,457,80,sugarcane,1,Salem,2,68.0,376.5
125,6,18,23,30,865,71,sugarcane,1,Salem,3,1059.5,458.79
126,6,18,22,39,578,68,sugarcane,1,Salem,1,657.0,7968.0
127,6,18,23,30,356,46,sugarcane,1,Salem,2,3668.0,12700000.0
128,6,18,21,34,687,75,sugarcane,1,Salem,3,186.5,1355.0
129,6,18,23,35,753,85,sugarcane,1,Salem,1,10695.8,31600.82
130,6,18,24,32,234,68,sugarcane,1,Salem,2,3105.0,5267.0
131,6,18,25,33,425,74,sugarcane,1,Salem,3,1524.0,10882.0
132,6,18,23,31,289,72,sugarcane,1,Salem,1,487.0,102.5
133,6,18,22,29,754,59,sugarcane,1,Salem,2,81.0,24.0
134,6,18,24,30,689,64,sugarcane,1,Salem,3,7060.0,26830000.0
135,6,18,21,34,479,81,sugarcane,1,Salem,1,239.0,20.9
136,6,18,22,34,348,74,sugarcane,1,Salem,2,352.0,1145.0
137,6,18,23,31,467,64,sugarcane,1,Salem,3,85.1,40.31
138,6,18,24,29,845,59,sugarcane,1,Salem,1,455.0,13760.0
139,6,18,24,28,523,75,sugarcane,1,Salem,2,10509.37,30760.7
140,6,18,24,30,685,60,sugarcane,1,Salem,3,3118.0,5182.0
141,6,18,23,29,348,51,sugarcane,1,Salem,1,1530.0,11558.0
142,6,18,25,34,567,49,sugarcane,1,Salem,2,497.0,104.37
143,6,18,21,32,846,40,sugarcane,1,Salem,3,116.5,26.14
144,6,18,23,31,234,39,sugarcane,1,Salem,1,7110.0,26660000.0
145,6,18,24,29,546,72,sugarcane,1,Salem,2,340.0,578.0
146,6,18,22,28,876,80,sugarcane,1,Salem,3,406.0,1299.2
147,6,18,25,30,356,59,sugarcane,1,Salem,1,82.09,35.51
148,6,18,25,29,467,87,sugarcane,1,Salem,2,268.0,2879.52
149,6,18,24,30,598,64,sugarcane,1,Salem,3,10681.98,29119.66
150,6,18,24,31,498,48,sugarcane,1,Salem,1,3160.67,3975.2
151,6,18,23,34,675,71,sugarcane,1,Salem,2,1912.1,17374.4
152,6,4,24,28,1018,82,ragi,0,Salem,3,570.0,104.36
153,6,4,23,32,950,79,ragi,0,Salem,3,116.5,25.1
154,6,4,25,29,1154,78,ragi,0,Salem,3,7156.7,34750000.0
155,6,4,26,33,1256,85,ragi,0,Salem,3,340.0,822.8
156,6,4,23,28,1345,88,ragi,0,Salem,3,410.0,1462.0
157,6,4,25,31,985,79,ragi,0,Salem,3,89.3,46.5
158,6,4,22,28,845,82,ragi,0,Salem,3,145.26,1560.0
159,6,4,25,34,1000,86,ragi,0,Salem,3,8683.38,25870.98
160,6,4,25,30,856,85,ragi,0,Salem,3,3250.78,3058.46
161,6,4,24,28,1145,82,ragi,0,Salem,3,1656.8,10251.13
162,6,4,24,28,1020,82,ragi,0,Salem,3,656.45,35.95
163,6,4,23,32,865,79,ragi,0,Salem,3,118.5,30.22
164,6,4,25,29,789,78,ragi,0,Salem,3,7050.45,26430000.0
165,6,4,26,33,945,85,ragi,0,Salem,3,370.7,877.6
166,6,4,23,28,1245,88,ragi,0,Salem,3,200.0,1800.0
167,6,4,25,31,1124,79,ragi,0,Salem,3,53.55,34.2
168,6,4,22,28,1354,82,ragi,0,Salem,3,128.02,2448.2
169,6,4,25,34,945,86,ragi,0,Salem,3,131.9,700.35
170,6,4,25,30,1344,85,ragi,0,Salem,3,254.5,1480.0
171,6,4,24,28,1054,82,ragi,0,Salem,3,81.7,572.0
172,6,4,24,28,948,82,ragi,0,Salem,3,921.87,2539.64
173,6,4,23,32,1320,79,ragi,0,Salem,3,2000.0,2350.0
174,6,4,25,29,1124,78,ragi,0,Salem,3,483.0,4150.0
175,6,4,26,33,956,85,ragi,0,Salem,3,413.1,20.18
176,6,4,23,28,847,88,ragi,0,Salem,3,79.5,26.0
177,6,4,25,31,1023,79,ragi,0,Salem,3,3483.09,14190000.0
178,6,4,22,28,1124,82,ragi,0,Salem,3,124.6,34.7
179,6,4,25,34,1345,86,ragi,0,Salem,3,100.9,900.0
180,6,4,25,30,865,85,ragi,0,Salem,3,24.0,14.98
181,6,4,24,28,1018,82,ragi,0,Salem,3,53.5,999.5
182,6,4,24,28,1134,82,ragi,0,Salem,3,30.4,220.0
183,6,4,23,32,1345,79,ragi,0,Salem,3,40.0,160.0
184,6,4,25,29,846,78,ragi,0,Salem,3,10.0,60.0
185,6,4,26,33,756,85,ragi,0,Salem,3,1595.5,3788.0
186,6,4,23,28,948,88,ragi,0,Salem,3,67.5,402.0
187,6,4,25,31,1018,79,ragi,0,Salem,3,1912.0,1900.0
188,6,4,22,28,1015,82,ragi,0,Salem,3,20.5,13.2
189,6,4,25,34,998,86,ragi,0,Salem,3,409.0,98.0
190,6,4,25,30,1345,85,ragi,0,Salem,3,15.0,10.5
191,6,4,24,28,1168,82,ragi,0,Salem,3,128.0,148.0
192,6,4,24,28,1018,82,ragi,1,Salem,3,94.0,828.52
193,6,4,23,32,950,79,ragi,1,Salem,3,15.5,7.6
194,6,4,25,29,1154,78,ragi,1,Salem,3,73.0,253.0
195,6,4,26,33,1256,85,ragi,1,Salem,3,29.9,17.85
196,6,4,23,28,1345,88,ragi,1,Salem,3,1.0,0.5
197,6,4,25,31,985,79,ragi,1,Salem,3,32.0,235.0
198,6,4,22,28,845,82,ragi,1,Salem,3,10.0,105.0
199,6,4,25,34,1000,86,ragi,1,Salem,3,34.0,15.05
200,6,4,25,30,856,85,ragi,1,Salem,3,360.0,5517.0
201,6,4,24,28,1145,82,ragi,1,Salem,3,3540.0,11000000.0
202,6,4,24,28,1020,82,ragi,1,Salem,3,22.5,220.0
203,6,4,23,32,865,79,ragi,1,Salem,3,21400.0,2600.0
204,6,4,25,29,789,78,ragi,1,Salem,3,1400.0,500.0
205,6,4,26,33,945,85,ragi,1,Salem,3,1000.0,100.0
206,6,4,23,28,1245,88,ragi,1,Salem,3,7300.0,9400.0
207,6,4,25,31,1124,79,ragi,1,Salem,3,3700.0,7100.0
208,6,4,22,28,1354,82,ragi,1,Salem,3,650800.0,228400.0
209,6,4,25,34,945,86,ragi,1,Salem,3,3300.0,1000.0
210,6,4,25,30,1344,85,ragi,1,Salem,3,10100.0,10200.0
211,6,4,24,28,1054,82,ragi,1,Salem,3,2200.0,700.0
212,6,4,24,28,948,82,ragi,1,Salem,3,2800.0,4900.0
213,6,4,23,32,1320,79,ragi,1,Salem,3,1300.0,500.0
214,6,4,25,29,1124,78,ragi,1,Salem,3,800.0,100.0
215,6,4,26,33,956,85,ragi,1,Salem,3,6700.0,11800.0
216,6,4,23,28,847,88,ragi,1,Salem,3,35600.0,75400.0
217,6,4,25,31,1023,79,ragi,1,Salem,3,700.0,72900.0
218,6,4,22,28,1124,82,ragi,1,Salem,3,35900.0,11100.0
219,6,4,25,34,1345,86,ragi,1,Salem,3,200.0,200.0
220,6,4,25,30,865,85,ragi,1,Salem,3,100.0,100.0
221,6,4,24,28,1018,82,ragi,1,Salem,3,28000.0,14800.0
222,6,4,24,28,1134,82,ragi,1,Salem,3,20200.0,21700.0
223,6,4,23,32,1345,79,ragi,1,Salem,3,600.0,200.0
224,6,4,25,29,846,78,ragi,1,Salem,3,18800.0,9400.0
225,6,4,26,33,756,85,ragi,1,Salem,3,100.0,100.0
226,6,4,23,28,948,88,ragi,1,Salem,3,600.0,2400.0
227,6,4,25,31,1018,79,ragi,1,Salem,3,600.0,1000.0
228,6,4,22,28,1015,82,ragi,1,Salem,3,18000.0,37300.0
229,6,4,25,34,998,86,ragi,1,Salem,3,30100.0,11100.0
230,6,4,25,30,1345,85,ragi,1,Salem,3,300.0,200.0
231,6,4,24,28,1168,82,ragi,1,Salem,3,27400.0,9100.0
232,5,9,24,31,52,32,cotton,1,Theni,2,2600.0,1900.0
233,5,9,20,30,67,62,cotton,1,Theni,3,3200.0,1000.0
234,5,9,23,30,75,43,cotton,1,Theni,2,14000.0,12900.0
235,5,9,25,29,98,56,cotton,1,Theni,3,4000.0,10000.0
236,5,9,20,32,46,34,cotton,1,Theni,2,755200.0,867800.0
237,5,9,22,30,32,27,cotton,1,Theni,3,2300.0,900.0
238,5,9,21,30,40,39,cotton,1,Theni,2,3700.0,5800.0
239,5,9,24,31,50,32,cotton,1,Theni,3,4600.0,3400.0
240,5,9,20,30,61,32,cotton,1,Theni,2,3300.0,6700.0
241,5,9,21,30,71,43,cotton,1,Theni,3,2100.0,1300.0
242,5,9,24,29,81,56,cotton,1,Theni,2,2000.0,300.0
243,5,9,20,33,31,34,cotton,1,Theni,3,7000.0,14900.0
244,5,9,22,30,41,47,cotton,1,Theni,2,38300.0,96800.0
245,5,9,21,30,39,39,cotton,1,Theni,3,21300.0,12200.0
246,5,9,24,31,45,32,cotton,1,Theni,2,200.0,200.0
247,5,9,20,30,115,62,cotton,1,Theni,3,26200.0,25900.0
248,5,9,23,30,98,43,cotton,1,Theni,2,25900.0,35800.0
249,5,9,25,29,67,56,cotton,1,Theni,3,700.0,500.0
250,5,9,20,32,84,34,cotton,1,Theni,2,14800.0,22100.0
251,5,9,22,30,169,27,cotton,1,Theni,3,300.0,1600.0
252,5,9,21,30,67,39,cotton,1,Theni,2,700.0,1200.0
253,5,9,24,31,101,32,cotton,1,Theni,3,26600.0,63900.0
254,5,9,20,30,46,32,cotton,1,Theni,2,13500.0,3300.0
255,5,9,21,30,51,43,cotton,1,Theni,3,400.0,200.0
256,5,9,24,29,67,56,cotton,1,Theni,2,700.0,65900.0
257,5,9,20,33,84,34,cotton,1,Theni,3,100.0,100.0
258,5,9,22,30,32,47,cotton,1,Theni,2,1635.0,889.0
259,5,9,21,30,35,39,cotton,1,Theni,3,1880.0,355.0
260,5,9,24,31,47,32,cotton,1,Theni,2,9453.0,10510.0
261,5,9,20,30,52,62,cotton,1,Theni,3,694865.0,249457.0
262,5,9,23,30,78,43,cotton,1,Theni,2,1762.0,495.0
263,5,9,25,29,34,56,cotton,1,Theni,3,11131.0,14582.0
264,5,9,20,32,104,34,cotton,1,Theni,2,3358.0,9540.0
265,5,9,22,30,57,27,cotton,1,Theni,3,23117.0,3861.0
266,5,9,21,30,68,39,cotton,1,Theni,2,1546.0,1098.0
267,5,9,24,31,38,32,cotton,1,Theni,3,6215.0,11467.0
268,5,9,20,30,34,32,cotton,1,Theni,2,37991.0,105082.0
269,5,9,21,30,48,43,cotton,1,Theni,3,8.0,2.0
270,5,9,24,29,65,56,cotton,1,Theni,2,4.0,2.0
271,5,9,20,33,75,34,cotton,1,Theni,3,99.0,54.0
272,5,9,22,30,84,47,cotton,1,Theni,2,26835.0,9365.0
273,5,9,21,30,91,39,cotton,1,Theni,3,21785.0,25358.0
274,5,9,24,31,54,32,cotton,1,Theni,2,1071.0,327.0
275,5,9,20,30,41,62,cotton,1,Theni,3,21487.0,30576.0
276,5,9,23,30,38,43,cotton,1,Theni,2,12.0,1.0
277,5,9,25,29,52,56,cotton,1,Theni,3,455.0,2203.0
278,5,9,20,32,110,34,cotton,1,Theni,2,98.0,10.0
279,5,9,22,30,164,27,cotton,1,Theni,3,1.0,1.0
280,5,9,21,30,53,39,cotton,1,Theni,2,734.0,1180.0
281,5,9,24,31,94,32,cotton,1,Theni,3,20258.0,45669.0
282,5,9,20,30,76,32,cotton,1,Theni,2,881.0,145.0
283,5,9,21,30,35,43,cotton,1,Theni,3,10.0,2.0
284,5,9,24,29,49,56,cotton,1,Theni,2,439.0,294.0
285,5,9,20,33,68,34,cotton,1,Theni,3,5199.0,5759.0
286,5,9,22,30,154,47,cotton,1,Theni,2,1770.0,32364.0
287,5,9,21,30,198,39,cotton,1,Theni,2,884.0,83126.0
288,6,5,25,32,85,60,corn,1,Theni,1,30693.0,7888.0
289,6,5,26,33,67,54,corn,1,Theni,2,2477.0,1449.0
290,6,5,24,31,140,46,corn,1,Theni,3,9315.0,2831.0
291,6,5,23,30,84,37,corn,1,Theni,1,12025.0,16128.0
292,6,5,21,32,65,74,corn,1,Theni,2,3755.0,10146.0
293,6,5,18,34,71,85,corn,1,Theni,3,21.0,14.0
294,6,5,19,35,59,76,corn,1,Theni,1,791559.0,884963.0
295,6,5,20,32,105,52,corn,1,Theni,2,601.0,215.0
296,6,5,24,33,94,48,corn,1,Theni,3,5071.0,14351.0
297,6,5,25,31,64,66,corn,1,Theni,1,1626.0,1143.0
298,6,5,26,34,37,76,corn,1,Theni,2,3475.0,9049.0
299,6,5,21,35,111,34,corn,1,Theni,3,1744.0,774.0
300,6,5,23,35,46,42,corn,1,Theni,1,1103.0,15470.0
301,6,5,22,34,78,55,corn,1,Theni,2,3167.0,559.0
302,6,5,25,33,59,67,corn,1,Theni,3,1292.0,214.0
303,6,5,26,36,100,75,corn,1,Theni,1,6613.0,16923.0
304,6,5,25,32,124,51,corn,1,Theni,2,39905.0,117680.0
305,6,5,26,34,111,47,corn,1,Theni,3,21.0,5.0
306,6,5,24,35,95,74,corn,1,Theni,1,5.0,1.0
307,6,5,23,34,84,35,corn,1,Theni,2,1647.0,1148.0
308,6,5,21,31,67,81,corn,1,Theni,3,30606.0,24590.0
309,6,5,23,30,54,56,corn,1,Theni,1,135.0,8.0
310,6,5,21,35,82,47,corn,1,Theni,2,35.0,9.0
311,6,5,20,32,154,52,corn,1,Theni,3,317.0,185.0
312,6,5,25,33,134,68,corn,1,Theni,1,71.0,81.0
313,6,5,19,36,57,82,corn,1,Theni,2,33858.0,22685.0
314,6,5,18,29,68,71,corn,1,Theni,3,23048.0,23832.0
315,6,5,21,34,95,64,corn,1,Theni,1,377.0,80.0
316,6,5,22,32,82,55,corn,1,Theni,2,15242.0,16980.0
317,6,5,23,31,104,40,corn,1,Theni,3,96.0,67.0
318,6,5,24,36,76,39,corn,1,Theni,1,8.0,2.0
319,6,5,21,34,56,76,corn,1,Theni,2,399.0,2148.0
320,6,5,22,33,94,66,corn,1,Theni,3,482.0,11514.0
321,6,5,24,31,53,58,corn,1,Theni,1,909.0,1312.0
322,6,5,25,29,64,49,corn,1,Theni,2,22099.0,57236.0
323,6,5,22,34,113,54,corn,1,Theni,3,703.0,129.0
324,6,5,21,34,134,65,corn,1,Theni,1,96.0,67.0
325,6,5,23,33,124,87,corn,1,Theni,2,363.0,292.0
326,6,5,24,31,101,78,corn,1,Theni,3,520.0,297.0
327,6,5,21,30,85,56,corn,1,Theni,1,252.0,696.0
328,6,5,20,35,67,23,corn,1,Theni,2,769.0,11693.0
329,6,5,19,32,48,35,corn,1,Theni,3,908.0,3896970.0
330,6,5,24,34,57,34,corn,1,Theni,1,8953.0,2266.0
331,6,5,21,32,69,67,corn,1,Theni,2,4.0,34.0
332,6,5,22,29,84,51,corn,1,Theni,3,284.0,25395.0
333,6,5,19,34,104,65,corn,1,Theni,1,28.0,379.0
334,6,5,18,32,124,74,corn,1,Theni,2,89.0,114.0
335,6,5,20,29,68,45,corn,1,Theni,3,39.0,272.0
336,6,5,23,31,82,35,corn,1,Theni,1,27942.0,7628.0
337,6,5,21,34,67,75,corn,1,Theni,2,1595.0,526.0
338,6,5,22,29,74,65,corn,1,Theni,3,3191.0,900.0
339,6,5,24,34,104,45,corn,1,Theni,1,8552.0,9055.0
340,6,5,25,37,86,55,corn,1,Theni,2,3765.0,7127.0
341,6,5,19,34,52,82,corn,1,Theni,3,16.0,17.0
342,6,5,18,31,84,60,corn,1,Theni,1,758700.0,333828.0
343,6,5,24,33,124,59,corn,1,Theni,2,649.0,60.0
344,10,8,23,33,15,33,wheat,1,Madurai,1,3900.0,6720.0
345,10,8,20,31,23,23,wheat,1,Madurai,1,1434.0,627.0
346,10,8,22,30,26,45,wheat,1,Madurai,3,2667.0,7129.0
347,10,8,18,29,45,56,wheat,1,Madurai,3,1511.0,730.0
348,10,8,19,34,37,74,wheat,1,Madurai,3,1165.0,19232.0
349,10,8,20,31,15,65,wheat,1,Madurai,1,2496.0,324.0
350,10,8,21,32,33,23,wheat,1,Madurai,1,5124.0,12405.0
351,10,8,22,33,26,54,wheat,1,Madurai,1,32878.0,95609.0
352,10,8,23,34,44,77,wheat,1,Madurai,3,1434.0,627.0
353,10,8,24,29,24,21,wheat,1,Madurai,3,51610.0,33580.0
354,10,8,25,30,20,34,wheat,1,Madurai,3,487.0,176.0
355,10,8,22,35,19,51,wheat,1,Madurai,1,5.0,1.0
356,10,8,20,34,26,62,wheat,1,Madurai,1,27.0,9.0
357,10,8,19,29,35,34,wheat,1,Madurai,3,108.0,168.0
358,10,8,18,32,23,47,wheat,1,Madurai,3,47894.0,50145.0
359,10,8,20,34,15,52,wheat,1,Madurai,3,18773.0,29192.0
360,10,8,21,29,23,67,wheat,1,Madurai,1,417.0,226.0
361,10,8,22,35,26,45,wheat,1,Madurai,1,15170.0,17446.0
362,10,8,24,31,45,33,wheat,1,Madurai,1,5.0,1.0
363,10,8,25,30,37,21,wheat,1,Madurai,3,447.0,2893.0
364,10,8,23,31,15,67,wheat,1,Madurai,3,40.0,12.0
365,10,8,24,34,33,77,wheat,1,Madurai,3,380.0,8465.0
366,10,8,22,29,26,40,wheat,1,Madurai,1,1.0,1.0
367,10,8,20,35,44,35,wheat,1,Madurai,1,544.0,725.0
368,10,8,22,36,24,29,wheat,1,Madurai,3,38119.0,108906.0
369,10,8,21,34,20,84,wheat,1,Madurai,3,3768.0,528.0
370,10,8,24,30,19,67,wheat,1,Madurai,3,2.0,1.0
371,10,8,23,29,26,37,wheat,1,Madurai,1,127.0,86.0
372,10,8,21,35,35,48,wheat,1,Madurai,1,307.0,213.0
373,10,8,25,33,23,32,wheat,1,Madurai,3,257.0,430.0
374,10,8,24,31,15,23,wheat,1,Madurai,3,1582.0,462.0
375,10,8,23,30,19,45,wheat,1,Madurai,3,851.0,3053700.0
376,10,8,21,29,24,67,wheat,1,Madurai,1,4741.0,1119.0
377,10,8,20,28,26,74,wheat,1,Madurai,1,490.0,42470.0
378,10,8,21,34,31,24,wheat,1,Madurai,1,31.0,411.0
379,10,8,22,35,45,51,wheat,1,Madurai,3,111.0,111.0
380,10,8,23,36,28,34,wheat,1,Madurai,3,8.0,40.0
381,10,8,24,37,37,62,wheat,1,Madurai,3,33454.0,6557.0
382,10,8,19,31,56,55,wheat,1,Madurai,1,1925.0,581.0
383,10,8,18,30,34,74,wheat,1,Madurai,1,2050.0,416.0
384,10,8,16,31,58,51,wheat,1,Madurai,3,7638.0,7144.0
385,10,8,20,34,67,64,wheat,1,Madurai,3,2737.0,6128.0
386,10,8,23,35,29,35,wheat,1,Madurai,3,732262.0,259953.0
387,10,8,21,28,46,23,wheat,1,Madurai,1,947.0,140.0
388,10,8,22,29,79,61,wheat,1,Madurai,1,2906.0,4545.0
389,10,8,24,31,81,40,wheat,1,Madurai,1,1000.0,100.0
390,10,8,25,35,91,37,wheat,1,Madurai,3,3541.0,3431.0
391,10,8,19,36,100,61,wheat,1,Madurai,3,1150.0,174.0
392,10,8,21,34,21,43,wheat,1,Madurai,3,776.0,8432.0
393,10,8,23,32,34,25,wheat,1,Madurai,1,490.0,47.0
394,10,8,24,31,45,67,wheat,1,Madurai,1,5157.0,12140.0
395,10,8,25,35,56,53,wheat,1,Madurai,3,29066.0,66329.0
396,10,8,21,33,67,24,wheat,1,Madurai,3,919.0,180.0
397,10,8,20,36,84,65,wheat,1,Madurai,3,51.0,0.0
398,10,8,18,37,94,75,wheat,1,Madurai,1,60319.0,22149.0
399,10,8,19,39,111,57,wheat,1,Madurai,1,32.0,2.0
400,10,8,20,28,22,38,wheat,1,Madurai,1,129.0,39.0
401,10,8,18,34,24,51,wheat,1,Madurai,3,83.0,161.0
402,10,8,19,30,16,38,wheat,1,Madurai,3,54264.0,20186.0
403,10,8,24,33,23,65,wheat,1,Madurai,3,17529.0,18651.0
404,6,5,25,29,778,78,corn,0,Madurai,1,1859.0,688.0
405,6,5,24,33,874,65,corn,0,Madurai,2,12676.0,11497.0
406,6,5,23,33,679,64,corn,0,Madurai,3,8.0,2.0
407,6,5,25,31,945,62,corn,0,Madurai,1,1288.0,8933.0
408,6,5,24,32,1024,68,corn,0,Madurai,2,4.0,1.0
409,6,5,25,32,1124,57,corn,0,Madurai,3,401.0,7192.0
410,6,5,25,29,684,75,corn,0,Madurai,1,417.0,517.0
411,6,5,24,33,875,65,corn,0,Madurai,2,10960.0,20462.0
412,6,5,23,33,945,64,corn,0,Madurai,3,2594.0,340.0
413,6,5,25,31,678,72,corn,0,Madurai,1,10.0,2.0
414,6,5,24,32,768,68,corn,0,Madurai,2,408.0,236.0
415,6,5,25,32,945,58,corn,0,Madurai,3,362.0,333.0
416,6,5,25,29,1245,55,corn,0,Madurai,1,263.0,379.0
417,6,5,24,33,648,65,corn,0,Madurai,2,19.0,1006.0
418,6,5,23,33,788,41,corn,0,Madurai,3,1.0,5.0
419,6,5,25,31,801,62,corn,0,Madurai,1,126.0,938.0
420,6,5,24,32,945,68,corn,0,Madurai,2,1026.0,10162.0
421,6,5,25,32,1110,45,corn,0,Madurai,3,788.0,4000.0
422,6,5,25,29,1068,75,corn,0,Madurai,1,869.0,3691149.0
423,6,5,24,33,945,65,corn,0,Madurai,2,3914.0,481.0
424,6,5,23,33,678,57,corn,0,Madurai,3,18.0,0.0
425,6,5,25,31,801,72,corn,0,Madurai,1,111.0,2075.0
426,6,5,24,32,796,68,corn,0,Madurai,2,3968.0,26176.0
427,6,5,25,32,648,58,corn,0,Madurai,3,13767.0,112541.0
428,6,5,25,29,574,65,corn,0,Madurai,1,132.0,0.0
429,6,5,24,33,1347,65,corn,0,Madurai,2,2418.0,1552.0
430,6,5,23,33,1045,64,corn,0,Madurai,3,1767.0,0.0
431,6,5,25,31,946,55,corn,0,Madurai,1,1544.0,201409.0
432,6,5,24,32,678,68,corn,0,Madurai,2,1207.0,62789.0
433,6,5,25,32,724,72,corn,0,Madurai,3,2.0,17.0
434,6,5,25,29,486,48,corn,0,Madurai,1,329.0,22481.0
435,6,5,24,33,675,65,corn,0,Madurai,2,50.0,540.0
436,6,5,23,33,852,64,corn,0,Madurai,3,51.0,90.0
437,6,5,25,31,798,72,corn,0,Madurai,1,3356.0,16627.0
438,6,5,24,32,835,68,corn,0,Madurai,2,41178.0,6959.0
439,6,5,25,32,915,58,corn,0,Madurai,3,2280.0,378.0
440,6,5,25,29,700,78,corn,0,Madurai,1,1927.0,805.0
441,6,5,24,33,1000,65,corn,0,Madurai,2,4212.0,4262.0
442,6,5,23,33,914,64,corn,0,Madurai,3,2920.0,10702.0
443,6,5,25,31,647,62,corn,0,Madurai,1,670935.0,187862.0
444,6,5,24,32,796,68,corn,0,Madurai,2,492.0,54.0
445,6,5,25,32,847,72,corn,0,Madurai,3,12487.0,30830.0
446,6,5,25,29,914,57,corn,0,Madurai,1,1245.0,229.0
447,6,5,24,33,1045,65,corn,0,Madurai,2,6246.0,10718.0
448,6,5,23,33,1145,64,corn,0,Madurai,3,1216.0,662.0
449,6,5,25,31,1000,72,corn,0,Madurai,1,846.0,13250.0
450,6,5,24,32,785,47,corn,0,Madurai,2,340.0,15.0
451,6,5,25,32,788,58,corn,0,Madurai,3,3353.0,3547.0
452,6,5,25,29,778,78,corn,1,Madurai,1,17515.0,44891.0
453,6,5,24,33,874,65,corn,1,Madurai,2,245.0,83.0
454,6,5,23,33,679,64,corn,1,Madurai,3,1420.0,299.0
455,6,5,25,31,945,62,corn,1,Madurai,1,16.0,18.0
456,6,5,24,32,1024,68,corn,1,Madurai,2,74525.0,29572.0
457,6,5,25,32,1124,57,corn,1,Madurai,3,82.0,51.0
458,6,5,25,29,684,75,corn,1,Madurai,1,113.0,19.0
459,6,5,24,33,875,65,corn,1,Madurai,2,91.0,190.0
460,6,5,23,33,945,64,corn,1,Madurai,3,51461.0,15438.0
461,6,5,25,31,678,72,corn,1,Madurai,1,15060.0,19819.0
462,6,5,24,32,768,68,corn,1,Madurai,2,1560.0,844.0
463,6,5,25,32,945,58,corn,1,Madurai,3,21391.0,19444.0
464,6,5,25,29,1245,55,corn,1,Madurai,1,7.0,2.0
465,6,5,24,33,648,65,corn,1,Madurai,2,1212.0,6787.0
466,6,5,23,33,788,41,corn,1,Madurai,3,22.0,7.0
467,6,5,25,31,801,62,corn,1,Madurai,1,535.0,11180.0
468,6,5,24,32,945,68,corn,1,Madurai,2,17.0,3.0
469,6,5,25,32,1110,45,corn,1,Madurai,3,614.0,986.0
470,6,5,25,29,1068,75,corn,1,Madurai,1,10826.0,25463.0
471,6,5,24,33,945,65,corn,1,Madurai,2,307.0,11.0
472,6,5,23,33,678,57,corn,1,Madurai,3,70.0,13.0
473,6,5,25,31,801,72,corn,1,Madurai,1,414.0,123.0
474,6,5,24,32,796,68,corn,1,Madurai,2,266.0,189.0
475,6,5,25,32,648,58,corn,1,Madurai,3,36.0,1302.0
476,6,5,25,29,574,65,corn,1,Madurai,1,101.0,873.0
477,6,5,24,33,1347,65,corn,1,Madurai,2,1129.0,19414.0
478,6,5,23,33,1045,64,corn,1,Madurai,3,706.0,11959.0
479,6,5,25,31,946,55,corn,1,Madurai,1,839.0,3285828.0
480,6,5,24,32,678,68,corn,1,Madurai,2,5646.0,610.0
481,6,5,25,32,724,72,corn,1,Madurai,3,51.0,0.0
482,6,5,25,29,486,48,corn,1,Madurai,1,118.0,2048.0
483,6,5,24,33,675,65,corn,1,Madurai,2,3935.0,58337.0
484,6,5,23,33,852,64,corn,1,Madurai,3,13441.0,224640.0
485,6,5,25,31,798,72,corn,1,Madurai,1,3241.0,3586.0
486,6,5,24,32,835,68,corn,1,Madurai,2,1783.0,0.0
487,6,5,25,32,915,58,corn,1,Madurai,3,1381.0,60038.0
488,6,5,25,29,700,78,corn,1,Madurai,1,1466.0,83767.0
489,6,5,24,33,1000,65,corn,1,Madurai,2,454.0,32386.0
490,6,5,23,33,914,64,corn,1,Madurai,3,30.0,217.0
491,6,5,25,31,647,62,corn,1,Madurai,1,20.0,25.0
492,6,5,24,32,796,68,corn,1,Madurai,2,2827.0,17509.0
493,6,5,25,32,847,72,corn,1,Madurai,3,32752.0,7893.0
494,6,5,25,29,914,57,corn,1,Madurai,1,1021.0,403.0
495,6,5,24,33,1045,65,corn,1,Madurai,2,1578.0,923.0
496,6,5,23,33,1145,64,corn,1,Madurai,3,8933.0,7041.0
497,6,5,25,31,1000,72,corn,1,Madurai,1,3402.0,11288.0
498,6,5,24,32,785,47,corn,1,Madurai,2,857823.0,684543.0
499,6,5,25,32,788,58,corn,1,Madurai,3,421.0,121.0
500,6,18,24,32,465,48,sugarcane,1,Madurai,1,4300.0,5693.0
501,6,18,25,31,675,56,sugarcane,1,Madurai,2,3495.0,10031.0
502,6,18,24,32,758,34,sugarcane,1,Madurai,3,1464.0,545.0
503,6,18,23,34,345,25,sugarcane,1,Madurai,1,1324.0,24824.0
504,6,18,25,34,268,75,sugarcane,1,Madurai,2,1605.0,172.0
505,6,18,24,32,945,48,sugarcane,1,Madurai,3,3166.0,5860.0
506,6,18,24,32,234,56,sugarcane,1,Madurai,1,24335.0,85051.0
507,6,18,25,31,945,55,sugarcane,1,Madurai,2,661.0,307.0
508,6,18,24,32,480,67,sugarcane,1,Madurai,3,1131.0,691.0
509,6,18,23,34,614,74,sugarcane,1,Madurai,1,56819.0,34209.0
510,6,18,25,34,514,55,sugarcane,1,Madurai,2,76.0,37.0
511,6,18,24,32,742,44,sugarcane,1,Madurai,3,62.0,24.0
512,6,18,24,32,801,34,sugarcane,1,Madurai,1,155.0,754.0
513,6,18,25,31,315,23,sugarcane,1,Madurai,2,42106.0,9516.0
514,6,18,24,32,234,78,sugarcane,1,Madurai,3,14500.0,21736.0
515,6,18,23,34,195,43,sugarcane,1,Madurai,1,226.0,30.0
516,6,18,25,34,452,51,sugarcane,1,Madurai,2,11871.0,14269.0
517,6,18,24,32,684,29,sugarcane,1,Madurai,3,34.0,4.0
518,6,18,24,32,754,51,sugarcane,1,Madurai,1,3572.0,25822.0
519,6,18,25,31,501,49,sugarcane,1,Madurai,2,3.0,1.0
520,6,18,24,32,452,28,sugarcane,1,Madurai,3,234.0,4830.0
521,6,18,23,34,625,34,sugarcane,1,Madurai,1,397.0,897.0
522,6,18,25,34,342,44,sugarcane,1,Madurai,2,9240.0,21622.0
523,6,18,24,32,578,78,sugarcane,1,Madurai,3,186.0,10.0
524,6,18,24,32,954,48,sugarcane,1,Madurai,1,36.0,17.0
525,6,18,25,31,234,54,sugarcane,1,Madurai,2,27228.0,9530.0
526,6,18,24,32,384,67,sugarcane,1,Madurai,3,393.0,88.0
527,6,18,23,34,507,84,sugarcane,1,Madurai,1,324.0,16897.0
528,6,18,25,34,415,51,sugarcane,1,Madurai,2,837.0,6413350.0
529,6,18,24,32,315,34,sugarcane,1,Madurai,3,2439.0,290.0
530,6,18,24,32,234,48,sugarcane,1,Madurai,1,2.0,20.0
531,6,18,25,31,756,65,sugarcane,1,Madurai,2,400.0,34072.0
532,6,18,24,32,845,74,sugarcane,1,Madurai,3,33.0,68.0
533,6,18,23,34,564,43,sugarcane,1,Madurai,1,49.0,53.0
534,6,18,25,34,258,64,sugarcane,1,Madurai,2,4.0,36.0
535,6,18,24,32,452,57,sugarcane,1,Madurai,3,35013.0,23704.0
536,6,18,24,32,456,49,sugarcane,1,Madurai,1,993.0,1888.0
537,6,18,25,31,657,51,sugarcane,1,Madurai,2,2081.0,1521.0
538,6,18,24,32,519,64,sugarcane,1,Madurai,3,3295.0,3450.0
539,6,18,23,34,647,43,sugarcane,1,Madurai,1,2178.0,6175.0
540,6,18,25,34,725,64,sugarcane,1,Madurai,2,877029.0,362213.0
541,6,18,24,32,490,74,sugarcane,1,Madurai,3,410.0,107.0
542,6,18,24,32,514,80,sugarcane,1,Madurai,1,3759.0,3879.0
543,6,18,25,31,325,45,sugarcane,1,Madurai,2,5958.0,21538.0
544,6,18,24,32,467,64,sugarcane,1,Madurai,3,1078.0,747.0
545,6,18,23,34,547,34,sugarcane,1,Madurai,1,985.0,17025.0
546,6,18,25,34,312,52,sugarcane,1,Madurai,2,1429.0,301.0
547,6,18,24,32,145,61,sugarcane,1,Madurai,3,2303.0,4394.0
548,6,18,24,32,524,74,sugarcane,1,Madurai,1,25008.0,69972.0
549,6,18,25,31,325,50,sugarcane,1,Madurai,2,854.0,455.0
550,6,18,24,32,480,61,sugarcane,1,Madurai,3,421.0,232.0
551,6,18,23,34,512,71,sugarcane,1,Madurai,1,69.0,24.0
552,6,18,25,34,674,42,sugarcane,1,Madurai,2,66.0,125.0
553,6,18,24,32,845,31,sugarcane,1,Madurai,3,58.0,214.0
554,6,18,24,32,234,28,sugarcane,1,Madurai,1,49105.0,48172.0
555,6,18,25,31,158,67,sugarcane,1,Madurai,2,22006.0,29752.0
556,6,18,24,32,480,54,sugarcane,1,Madurai,3,205.0,77.0
557,6,18,23,34,452,32,sugarcane,1,Madurai,1,12931.0,9970.0
558,6,18,25,34,348,49,sugarcane,1,Madurai,2,29.0,11.0
559,6,18,24,32,470,68,sugarcane,1,Madurai,3,1435.0,10721.0
560,6,18,24,32,648,55,sugarcane,1,Madurai,1,16.0,5.0
561,6,18,25,31,721,50,sugarcane,1,Madurai,2,381.0,9063.0
562,6,18,24,32,345,49,sugarcane,1,Madurai,3,472.0,752.0
563,6,18,23,34,657,29,sugarcane,1,Madurai,1,23142.0,55587.0
564,6,18,25,34,512,34,sugarcane,1,Madurai,2,162.0,33.0
565,6,18,24,32,470,55,sugarcane,1,Madurai,3,11.0,7.0
566,6,18,24,32,351,50,sugarcane,1,Madurai,1,297.0,175.0
567,6,18,25,31,312,49,sugarcane,1,Madurai,2,268.0,214.0
568,6,18,24,32,685,50,sugarcane,1,Madurai,3,303.0,16231.0
569,6,18,23,34,724,67,sugarcane,1,Madurai,1,836.0,3358992.0
570,6,18,25,34,841,78,sugarcane,1,Madurai,2,2962.0,900.0
571,6,18,24,32,325,34,sugarcane,1,Madurai,3,227.0,20612.0
572,6,5,19,32,828,73,corn,0,Dindigul,1,48677.0,8401.0
573,6,5,24,27,567,72,corn,0,Dindigul,2,23.0,121.0
574,6,5,20,28,648,64,corn,0,Dindigul,3,1.0,1.0
575,6,5,18,30,748,84,corn,0,Dindigul,1,2.0,15.0
576,6,5,17,32,847,54,corn,0,Dindigul,2,26244.0,3543.0
577,6,5,24,29,947,56,corn,0,Dindigul,3,620.0,189.0
578,6,5,25,31,1000,90,corn,0,Dindigul,1,899.0,451.0
579,6,5,22,33,514,84,corn,0,Dindigul,2,1506.0,1940.0
580,6,5,22,34,432,76,corn,0,Dindigul,3,1754.0,5658.0
581,6,5,23,36,674,72,corn,0,Dindigul,1,644007.0,43148.0
582,6,5,24,37,724,81,corn,0,Dindigul,2,1021.0,182.0
583,6,5,21,35,315,64,corn,0,Dindigul,3,18043.0,7813.0
584,6,5,19,33,471,51,corn,0,Dindigul,1,4877.0,20181.0
585,6,5,24,28,658,49,corn,0,Dindigul,2,788.0,98.0
586,6,5,20,29,715,54,corn,0,Dindigul,3,869.0,9423.0
587,6,5,18,30,314,67,corn,0,Dindigul,1,742.0,135.0
588,6,5,17,31,625,84,corn,0,Dindigul,2,2035.0,3696.0
589,6,5,24,30,412,79,corn,0,Dindigul,3,22349.0,67427.0
590,6,5,25,29,754,73,corn,0,Dindigul,1,450.0,48.0
591,6,5,22,28,827,64,corn,0,Dindigul,2,69.0,26.0
592,6,5,22,27,945,75,corn,0,Dindigul,3,141.0,43.0
593,6,5,23,30,1024,91,corn,0,Dindigul,1,10.0,37.0
594,6,5,24,32,1115,73,corn,0,Dindigul,2,83533.0,30739.0
595,6,5,21,31,1345,82,corn,0,Dindigul,3,18104.0,18991.0
596,6,5,19,33,915,67,corn,0,Dindigul,1,1779.0,882.0
597,6,5,24,28,847,57,corn,0,Dindigul,2,24944.0,15440.0
598,6,5,20,29,647,55,corn,0,Dindigul,3,15.0,4.0
599,6,5,18,26,754,72,corn,0,Dindigul,1,3120.0,23640.0
600,6,5,17,32,523,61,corn,0,Dindigul,2,139.0,52.0
601,6,5,24,30,684,81,corn,0,Dindigul,3,167.0,4075.0
602,6,5,25,31,745,86,corn,0,Dindigul,1,386.0,532.0
603,6,5,22,31,982,72,corn,0,Dindigul,2,10846.0,31974.0
604,6,5,22,28,1024,61,corn,0,Dindigul,3,72.0,28.0
605,6,5,23,28,1145,53,corn,0,Dindigul,1,24.0,19.0
606,6,5,24,29,828,49,corn,0,Dindigul,2,190.0,50.0
607,6,5,21,35,835,74,corn,0,Dindigul,3,217.0,150.0
608,6,5,19,34,512,60,corn,0,Dindigul,1,289.0,14141.0
609,6,5,24,27,679,74,corn,0,Dindigul,2,790.0,6404076.0
610,6,5,20,36,734,52,corn,0,Dindigul,3,1389.0,385.0
611,6,5,18,30,945,59,corn,0,Dindigul,1,339.0,30937.0
612,6,5,21,32,1045,60,corn,0,Dindigul,2,60751.0,23561.0
613,6,5,24,29,952,74,corn,0,Dindigul,3,25.0,137.0
614,6,5,25,34,890,80,corn,0,Dindigul,1,1.0,8.0
615,6,5,22,35,732,76,corn,0,Dindigul,2,37000.0,17000.0
616,6,5,22,29,1245,71,corn,0,Dindigul,3,1000.0,3000.0
617,6,5,23,28,1342,64,corn,0,Dindigul,1,2000.0,1000.0
618,6,5,24,28,1110,55,corn,0,Dindigul,2,3000.0,2000.0
619,6,5,20,35,828,67,corn,0,Dindigul,3,2000.0,9000.0
620,6,5,19,32,828,73,corn,1,Dindigul,1,876000.0,1102000.0
621,6,5,24,27,567,72,corn,1,Dindigul,2,4000.0,3000.0
622,6,5,20,28,648,64,corn,1,Dindigul,3,7000.0,32000.0
623,6,5,18,30,748,84,corn,1,Dindigul,1,1000.0,6897.0
624,6,5,17,32,847,54,corn,1,Dindigul,2,2000.0,38000.0
625,6,5,24,29,947,56,corn,1,Dindigul,3,2000.0,4000.0
626,6,5,25,31,1000,90,corn,1,Dindigul,1,30000.0,95000.0
627,6,5,22,33,514,84,corn,1,Dindigul,2,19000.0,10000.0
628,6,5,22,34,432,76,corn,1,Dindigul,3,75000.0,78000.0
629,6,5,23,36,674,72,corn,1,Dindigul,1,21000.0,28000.0
630,6,5,24,37,724,81,corn,1,Dindigul,2,1000.0,5000.0
631,6,5,21,35,315,64,corn,1,Dindigul,3,12000.0,8000.0
632,6,5,19,33,471,51,corn,1,Dindigul,1,6000.0,48000.0
633,6,5,24,28,658,49,corn,1,Dindigul,2,14000.0,37000.0
634,6,5,20,29,715,54,corn,1,Dindigul,3,26000.0,20000.0
635,6,5,18,30,314,67,corn,1,Dindigul,1,34067.0,13150.0
636,6,5,17,31,625,84,corn,1,Dindigul,2,743.0,1011.0
637,6,5,24,30,412,79,corn,1,Dindigul,3,886.0,668.0
638,6,5,25,29,754,73,corn,1,Dindigul,1,1611.0,1241.0
639,6,5,22,28,827,64,corn,1,Dindigul,2,1574.0,5506.0
640,6,5,22,27,945,75,corn,1,Dindigul,3,853577.0,75115.0
641,6,5,23,30,1024,91,corn,1,Dindigul,1,295.0,165.0
642,6,5,24,32,1115,73,corn,1,Dindigul,2,1782.0,2204.0
643,6,5,21,31,1345,82,corn,1,Dindigul,3,6041.0,20896.0
644,6,5,19,33,915,67,corn,1,Dindigul,1,629.0,245.0
645,6,5,24,28,847,57,corn,1,Dindigul,2,1376.0,23531.0
646,6,5,20,29,647,55,corn,1,Dindigul,3,60.0,30.0
647,6,5,18,26,754,72,corn,1,Dindigul,1,1460.0,3678.0
648,6,5,17,32,523,61,corn,1,Dindigul,2,30306.0,94615.0
649,6,5,24,30,684,81,corn,1,Dindigul,3,112.0,88.0
650,6,5,25,31,745,86,corn,1,Dindigul,1,182.0,248.0
651,6,5,22,31,982,72,corn,1,Dindigul,2,26.0,35.0
652,6,5,22,28,1024,61,corn,1,Dindigul,3,73055.0,68379.0
653,6,5,23,28,1145,53,corn,1,Dindigul,1,16879.0,24897.0
654,6,5,24,29,828,49,corn,1,Dindigul,2,205.0,136.0
655,6,5,21,35,835,74,corn,1,Dindigul,3,12501.0,6951.0
656,6,5,19,34,512,60,corn,1,Dindigul,1,14.0,5.0
657,6,5,24,27,679,74,corn,1,Dindigul,2,3658.0,32300.0
658,6,5,20,36,734,52,corn,1,Dindigul,3,173.0,4129.0
659,6,5,18,30,945,59,corn,1,Dindigul,1,336.0,630.0
660,6,5,21,32,1045,60,corn,1,Dindigul,2,18416.0,49815.0
661,6,5,24,29,952,74,corn,1,Dindigul,3,113.0,44.0
662,6,5,25,34,890,80,corn,1,Dindigul,1,164.0,217.0
663,6,5,22,35,732,76,corn,1,Dindigul,2,325.0,232.0
664,6,5,22,29,1245,71,corn,1,Dindigul,3,3603.0,160939.0
665,6,5,23,28,1342,64,corn,1,Dindigul,1,786.0,7141464.0
666,6,5,24,28,1110,55,corn,1,Dindigul,2,3766.0,1288.0
667,6,5,20,35,828,67,corn,1,Dindigul,3,131.0,12305.0
668,10,8,21,26,57,42,wheat,1,Dindigul,1,42268.0,26305.0
669,10,8,19,24,64,35,wheat,1,Dindigul,1,99.0,158.0
670,10,8,20,28,86,41,wheat,1,Dindigul,3,4.0,40.0
671,10,8,18,30,73,46,wheat,1,Dindigul,3,20269.0,5919.0
672,10,8,17,34,45,37,wheat,1,Dindigul,3,1722.0,3167.0
673,10,8,20,29,34,50,wheat,1,Dindigul,1,1332.0,663.0
674,10,8,22,31,57,42,wheat,1,Dindigul,1,2063.0,1226.0
675,10,8,21,30,61,39,wheat,1,Dindigul,1,1604.0,4031.0
676,10,8,19,29,73,50,wheat,1,Dindigul,3,510874.0,113925.0
677,10,8,18,27,86,47,wheat,1,Dindigul,3,5848.0,3982.0
678,10,8,17,32,94,57,wheat,1,Dindigul,3,41409.0,25881.0
679,10,8,16,33,56,31,wheat,1,Dindigul,1,8852.0,43924.0
680,10,8,18,30,72,48,wheat,1,Dindigul,1,448.0,115.0
681,10,8,15,31,85,58,wheat,1,Dindigul,3,1663.0,29811.0
682,10,8,21,27,81,51,wheat,1,Dindigul,3,57.0,17.0
683,10,8,20,36,46,38,wheat,1,Dindigul,3,2420.0,3780.0
684,10,8,19,39,35,38,wheat,1,Dindigul,1,32226.0,101512.0
685,10,8,21,35,39,41,wheat,1,Dindigul,1,1045.0,63.0
686,10,8,19,30,46,41,wheat,1,Dindigul,1,24.0,20.0
687,10,8,20,31,49,61,wheat,1,Dindigul,3,30.0,9.0
688,10,8,18,29,57,46,wheat,1,Dindigul,3,316.0,92.0
689,10,8,19,30,84,58,wheat,1,Dindigul,3,45.0,83.0
690,10,8,18,29,67,55,wheat,1,Dindigul,1,92936.0,107248.0
691,10,8,21,26,77,57,wheat,1,Dindigul,1,19507.0,28051.0
692,10,8,19,24,94,35,wheat,1,Dindigul,3,4935.0,3420.0
693,10,8,20,28,100,41,wheat,1,Dindigul,3,17721.0,14283.0
694,10,8,18,30,73,46,wheat,1,Dindigul,3,4615.0,33736.0
695,10,8,17,34,46,37,wheat,1,Dindigul,1,8.0,3.0
696,10,8,20,29,49,50,wheat,1,Dindigul,1,230.0,5665.0
697,10,8,22,31,59,42,wheat,1,Dindigul,3,1122.0,2458.0
698,10,8,21,30,68,39,wheat,1,Dindigul,3,8.0,5434.0
699,10,8,19,29,77,50,wheat,1,Dindigul,3,19428.0,46899.0
700,10,8,18,27,86,47,wheat,1,Dindigul,1,46.0,20.0
701,10,8,17,32,94,42,wheat,1,Dindigul,1,17.0,13.0
702,10,8,16,33,56,31,wheat,1,Dindigul,1,179.0,97.0
703,10,8,18,30,72,48,wheat,1,Dindigul,3,356.0,169.0
704,10,8,15,31,85,33,wheat,1,Dindigul,3,5010.0,265981.0
705,10,8,21,27,64,51,wheat,1,Dindigul,3,725.0,4247685.0
706,10,8,20,36,71,67,wheat,1,Dindigul,1,4470.0,1797.0
707,10,8,19,39,49,38,wheat,1,Dindigul,1,112.0,9968.0
708,10,8,21,35,84,41,wheat,1,Dindigul,3,55286.0,33503.0
709,10,8,19,30,95,41,wheat,1,Dindigul,3,13.0,77.0
710,10,8,20,31,100,36,wheat,1,Dindigul,3,700.0,1179.0
711,10,8,18,29,64,46,wheat,1,Dindigul,1,66013.0,11156.0
712,10,8,19,30,86,58,wheat,1,Dindigul,1,2010.0,1465.0
713,10,8,18,29,67,55,wheat,1,Dindigul,1,4328.0,3795.0
714,10,8,21,26,57,59,wheat,1,Dindigul,3,4338.0,2977.0
715,10,8,19,24,87,35,wheat,1,Dindigul,3,1968.0,7307.0
716,10,8,20,28,48,41,wheat,1,Dindigul,3,814077.0,446928.0
717,10,8,18,30,64,46,wheat,1,Dindigul,1,655.0,317.0
718,10,8,17,34,76,67,wheat,1,Dindigul,1,2606.0,2069.0
719,10,8,20,29,87,50,wheat,1,Dindigul,3,10726.0,51174.0
720,10,8,22,31,93,42,wheat,1,Dindigul,3,32.0,286.0
721,10,8,21,30,101,39,wheat,1,Dindigul,3,791.0,251.0
722,10,8,19,29,73,50,wheat,1,Dindigul,1,1620.0,26924.0
723,10,8,18,27,86,47,wheat,1,Dindigul,1,1.0,7698.0
724,10,8,17,32,94,42,wheat,1,Dindigul,3,1876.0,3343.0
725,10,8,16,33,56,31,wheat,1,Dindigul,3,34973.0,102007.0
726,10,8,18,30,72,48,wheat,1,Dindigul,3,371.0,345.0
727,10,8,15,31,85,33,wheat,1,Dindigul,1,1682.0,2866.0
728,10,8,21,27,64,59,wheat,1,Dindigul,1,14.0,6.0
729,10,8,20,36,51,38,wheat,1,Dindigul,1,5.0,4.0
730,10,8,19,39,49,38,wheat,1,Dindigul,3,94240.0,73601.0
731,10,8,21,35,67,41,wheat,1,Dindigul,3,19993.0,34068.0
732,10,8,19,30,88,41,wheat,1,Dindigul,3,1527.0,860.0
733,10,8,20,31,73,36,wheat,1,Dindigul,1,13274.0,8296.0
734,10,8,18,29,88,46,wheat,1,Dindigul,1,4750.0,43306.0
735,10,8,19,30,91,58,wheat,1,Dindigul,3,83.0,29.0
736,10,8,18,29,104,55,wheat,1,Dindigul,3,306.0,8233.0
737,7,9,19,31,312,53,millet,1,Dindigul,2,556.0,831.0
738,7,9,20,30,110,49,millet,1,Dindigul,2,24828.0,69394.0
739,7,9,21,30,412,31,millet,1,Dindigul,2,45.0,31.0
740,7,9,19,29,512,64,millet,1,Dindigul,2,559.0,299.0
741,7,9,18,31,390,72,millet,1,Dindigul,2,131.0,171.0
742,7,9,21,30,420,38,millet,1,Dindigul,2,409.0,182.0
743,7,9,22,29,214,43,millet,1,Dindigul,2,4416.0,223825.0
744,7,9,18,30,672,56,millet,1,Dindigul,2,5323.0,3604.0
745,7,9,19,31,286,23,millet,1,Dindigul,2,21.0,236.0
746,7,9,17,30,190,37,millet,1,Dindigul,2,235.0,20981.0
747,7,9,21,31,316,53,millet,1,Dindigul,2,17615.0,14072.0
748,7,9,20,30,497,42,millet,1,Dindigul,2,4.0,51.0
749,7,9,17,30,562,61,millet,1,Dindigul,2,174.0,282.0
750,7,9,19,29,346,72,millet,1,Dindigul,2,13.0,102.0
751,7,9,16,31,400,34,millet,1,Dindigul,2,51728.0,4293.0
752,7,9,24,29,168,47,millet,1,Dindigul,2,2614.0,3307.0
753,7,9,25,30,265,50,millet,1,Dindigul,2,30203.0,1843.0
754,7,9,19,28,317,64,millet,1,Dindigul,2,19299.0,12069.0
755,7,9,20,30,250,77,millet,1,Dindigul,2,846.0,150.0
756,7,9,21,30,268,55,millet,1,Dindigul,2,4101.0,10425.0
757,7,9,19,29,503,50,millet,1,Dindigul,2,733960.0,174682.0
758,7,9,18,31,390,43,millet,1,Dindigul,2,1212.0,645.0
759,7,9,21,30,420,38,millet,1,Dindigul,2,7190.0,7535.0
760,7,9,22,29,684,50,millet,1,Dindigul,2,25447.0,63465.0
761,7,9,18,30,134,48,millet,1,Dindigul,2,15.0,117.0
762,7,9,19,29,286,61,millet,1,Dindigul,2,785.0,504.0
763,7,9,17,30,320,72,millet,1,Dindigul,2,2757.0,39563.0
764,7,9,21,31,245,32,millet,1,Dindigul,2,3.0,1.0
765,7,9,20,30,429,29,millet,1,Dindigul,2,50.0,1007.0
766,7,9,17,34,516,46,millet,1,Dindigul,2,1574.0,2679.0
767,7,9,19,29,345,51,millet,1,Dindigul,2,37720.0,94531.0
768,7,9,16,31,400,68,millet,1,Dindigul,2,1092.0,714.0
769,7,9,24,34,295,77,millet,1,Dindigul,2,1656.0,2676.0
770,7,9,22,30,365,54,millet,1,Dindigul,2,32.0,17.0
771,7,9,19,31,110,62,millet,1,Dindigul,2,17.0,1.0
772,7,9,20,34,250,34,millet,1,Dindigul,2,116.0,147.0
773,7,9,21,28,318,67,millet,1,Dindigul,2,15.0,12.0
774,7,9,19,29,468,59,millet,1,Dindigul,2,64.0,83.0
775,7,9,18,31,587,41,millet,1,Dindigul,2,68483.0,38008.0
776,7,9,21,32,137,32,millet,1,Dindigul,2,19876.0,32696.0
777,7,9,22,33,270,67,millet,1,Dindigul,2,986.0,577.0
778,7,9,18,34,342,56,millet,1,Dindigul,2,7907.0,3882.0
779,7,9,19,31,437,38,millet,1,Dindigul,2,6208.0,48168.0
780,7,9,17,30,500,48,millet,1,Dindigul,2,132.0,79.0
781,7,9,21,31,268,53,millet,1,Dindigul,2,208.0,4259.0
782,7,9,20,30,316,62,millet,1,Dindigul,2,1695.0,3421.0
783,7,9,17,29,401,77,millet,1,Dindigul,2,10948.0,25542.0
784,7,9,19,35,567,55,millet,1,Dindigul,2,84.0,63.0
785,7,9,16,31,109,42,millet,1,Dindigul,2,10.0,7.0
786,7,9,21,29,295,38,millet,1,Dindigul,2,446.0,313.0
787,7,9,19,30,319,54,millet,1,Dindigul,2,75.0,100.0
788,6,18,19,32,512,46,sugarcane,1,Coimbatore,1,541.0,267.0
789,6,18,20,30,527,37,sugarcane,1,Coimbatore,2,8000.0,505176.0
790,6,18,23,32,648,57,sugarcane,1,Coimbatore,3,895.0,7165320.0
791,6,18,21,33,786,62,sugarcane,1,Coimbatore,1,2399.0,1327.0
792,6,18,18,29,467,71,sugarcane,1,Coimbatore,2,18.0,181.0
793,6,18,17,30,865,49,sugarcane,1,Coimbatore,3,410.0,39186.0
794,6,18,19,33,318,56,sugarcane,1,Coimbatore,1,13277.0,12094.0
795,6,18,19,31,529,74,sugarcane,1,Coimbatore,2,2.0,26.0
796,6,18,21,32,678,68,sugarcane,1,Coimbatore,3,140.0,226.0
797,6,18,20,32,764,42,sugarcane,1,Coimbatore,1,321.0,2645.0
798,6,18,20,30,468,51,sugarcane,1,Coimbatore,2,558.0,302.0
799,6,18,22,33,527,67,sugarcane,1,Coimbatore,2,56586.0,8035.0
800,6,18,23,34,438,84,sugarcane,1,Coimbatore,3,2176.0,1456.0
801,6,18,24,32,315,39,sugarcane,1,Coimbatore,1,451.0,8211.0
802,6,18,21,30,527,46,sugarcane,1,Coimbatore,2,24154.0,9179.0
803,6,18,18,31,648,59,sugarcane,1,Coimbatore,3,2.0,1.0
804,6,18,17,30,786,67,sugarcane,1,Coimbatore,1,27566.0,35511.0
805,6,18,19,34,511,71,sugarcane,1,Coimbatore,2,586.0,36.0
806,6,18,19,29,312,80,sugarcane,1,Coimbatore,3,2736.0,5603.0
807,6,18,18,28,451,56,sugarcane,1,Coimbatore,1,238.0,7606.0
808,6,18,24,30,529,37,sugarcane,1,Coimbatore,2,708708.0,295531.0
809,6,18,23,31,678,46,sugarcane,1,Coimbatore,3,848.0,589.0
810,6,18,24,34,764,58,sugarcane,1,Coimbatore,1,7599.0,6930.0
811,6,18,21,35,468,37,sugarcane,1,Coimbatore,2,422.0,3752.0
812,6,18,25,30,527,59,sugarcane,1,Coimbatore,3,7.0,3.0
813,6,18,18,28,314,68,sugarcane,1,Coimbatore,1,22039.0,63516.0
814,6,18,19,29,421,79,sugarcane,1,Coimbatore,2,6276.0,57601.0
815,6,18,19,30,527,64,sugarcane,1,Coimbatore,3,481.0,266.0
816,6,18,18,32,648,51,sugarcane,1,Coimbatore,1,1548.0,25393.0
817,6,18,17,33,786,46,sugarcane,1,Coimbatore,2,447.0,17197.0
818,6,18,24,31,511,39,sugarcane,1,Coimbatore,3,1279.0,17671.0
819,6,18,21,32,865,56,sugarcane,1,Coimbatore,1,1589.0,2336.0
820,6,18,23,34,618,56,sugarcane,1,Coimbatore,2,22056.0,58691.0
821,6,18,21,35,617,74,sugarcane,1,Coimbatore,3,2106.0,41876.0
822,6,18,20,29,764,68,sugarcane,1,Coimbatore,1,1343.0,1613.0
823,6,18,20,38,845,58,sugarcane,1,Coimbatore,2,919.0,1671.0
824,6,18,19,30,527,47,sugarcane,1,Coimbatore,2,76.0,6954.0
825,6,18,18,30,619,51,sugarcane,1,Coimbatore,3,6121.0,5197.0
826,6,18,19,34,734,53,sugarcane,1,Coimbatore,1,10.0,14.0
827,6,18,20,31,384,34,sugarcane,1,Coimbatore,2,2552.0,38561.0
828,6,18,24,32,467,41,sugarcane,1,Coimbatore,3,65.0,728.0
829,6,18,21,32,648,57,sugarcane,1,Coimbatore,1,31.0,29.0
830,6,18,20,34,786,62,sugarcane,1,Coimbatore,2,20.0,13.0
831,6,18,22,35,511,71,sugarcane,1,Coimbatore,3,251.0,4570.0
832,6,18,23,32,365,49,sugarcane,1,Coimbatore,1,232.0,88.0
833,6,18,24,31,475,56,sugarcane,1,Coimbatore,2,2606.0,1631.0
834,6,18,22,34,529,64,sugarcane,1,Coimbatore,3,77.0,99.0
835,6,18,18,29,678,59,sugarcane,1,Coimbatore,1,81.0,74.0
836,6,18,17,28,527,84,sugarcane,1,Coimbatore,2,70.0,159.0
837,6,18,19,30,468,37,sugarcane,1,Coimbatore,3,89676.0,77301.0
838,6,18,20,31,674,64,sugarcane,1,Coimbatore,1,20987.0,34419.0
839,6,18,24,32,438,43,sugarcane,1,Coimbatore,2,1997.0,1322.0
840,5,9,23,32,529,47,cotton,0,Coimbatore,2,5795.0,3141.0
841,5,9,22,31,467,57,cotton,0,Coimbatore,3,7070.0,50098.0
842,5,9,19,31,318,67,cotton,0,Coimbatore,2,117.0,79.0
843,5,9,24,33,515,64,cotton,0,Coimbatore,3,84.0,1195.0
844,5,9,25,34,487,29,cotton,0,Coimbatore,2,36.0,634.0
845,5,9,23,31,681,28,cotton,0,Coimbatore,3,823.0,1227.0
846,5,9,21,31,429,34,cotton,0,Coimbatore,2,6998.0,17768.0
847,5,9,22,32,348,47,cotton,0,Coimbatore,3,20.0,33.0
848,5,9,20,34,654,51,cotton,0,Coimbatore,2,15.0,18.0
849,5,9,19,33,498,67,cotton,0,Coimbatore,3,4459.0,1904.0
850,5,9,23,30,754,77,cotton,0,Coimbatore,2,7.0,67.0
851,5,9,22,35,648,69,cotton,0,Coimbatore,3,115.0,178.0
852,5,9,24,36,354,55,cotton,0,Coimbatore,2,1395.0,31096.0
853,5,9,25,34,514,62,cotton,0,Coimbatore,3,153.0,156.0
854,5,9,23,35,486,38,cotton,0,Coimbatore,2,134.0,151.0
855,5,9,22,34,346,29,cotton,0,Coimbatore,3,646.0,5571000.0
856,5,9,24,33,765,37,cotton,0,Coimbatore,2,453.0,186.0
857,5,9,22,32,845,26,cotton,0,Coimbatore,3,49932.0,9287.0
858,5,9,23,36,675,44,cotton,0,Coimbatore,2,1332.0,1227.0
859,5,9,24,31,529,37,cotton,0,Coimbatore,3,407.0,8624.0
860,5,9,23,30,467,74,cotton,0,Coimbatore,2,2.0,38.0
861,5,9,24,34,529,43,cotton,0,Coimbatore,3,9.0,3.0
862,5,9,24,31,634,56,cotton,0,Coimbatore,2,11416.0,5366.0
863,5,9,26,32,721,69,cotton,0,Coimbatore,3,37661.0,77316.0
864,5,9,24,30,462,55,cotton,0,Coimbatore,2,527.0,253.0
865,5,9,24,33,385,43,cotton,0,Coimbatore,2,2647.0,3965.0
866,5,9,25,34,470,32,cotton,0,Coimbatore,3,247.0,5644.0
867,5,9,23,35,515,52,cotton,0,Coimbatore,2,711145.0,286591.0
868,5,9,21,36,624,68,cotton,0,Coimbatore,3,2317.0,1353.0
869,5,9,22,31,764,74,cotton,0,Coimbatore,2,14486.0,9749.0
870,5,9,24,32,346,72,cotton,0,Coimbatore,3,391.0,2003.0
871,5,9,25,33,497,69,cotton,0,Coimbatore,2,7.0,3.0
872,5,9,26,30,513,59,cotton,0,Coimbatore,3,27087.0,53226.0
873,5,9,24,36,628,47,cotton,0,Coimbatore,2,8711.0,74653.0
874,5,9,23,34,764,51,cotton,0,Coimbatore,3,481.0,534.0
875,5,9,24,32,324,43,cotton,0,Coimbatore,2,1414.0,31097.0
876,5,9,125,33,467,47,cotton,0,Coimbatore,3,62.0,18.0
877,5,9,24,34,529,51,cotton,0,Coimbatore,2,13865.0,9431.0
878,5,9,23,35,619,67,cotton,0,Coimbatore,3,230.0,22418.0
879,5,9,24,32,765,73,cotton,0,Coimbatore,2,1450.0,23722.0
880,5,9,24,34,876,48,cotton,0,Coimbatore,3,2055.0,3163.0
881,5,9,23,31,570,39,cotton,0,Coimbatore,2,28114.0,59377.0
882,5,9,22,33,650,53,cotton,0,Coimbatore,3,2181.0,20517.0
883,5,9,26,31,529,48,cotton,0,Coimbatore,2,935.0,856.0
884,5,9,23,32,614,39,cotton,0,Coimbatore,3,2401.0,3866.0
885,5,9,24,34,529,34,cotton,0,Coimbatore,2,281.0,26505.0
886,5,9,22,35,467,57,cotton,0,Coimbatore,3,8109.0,6698.0
887,5,9,23,33,745,49,cotton,0,Coimbatore,2,6.0,11.0
888,5,9,23,32,529,47,cotton,1,Coimbatore,3,2991.0,88620.0
889,5,9,22,31,467,57,cotton,1,Coimbatore,2,46.0,567.0
890,5,9,19,31,318,67,cotton,1,Coimbatore,2,48.0,45.0
891,5,9,24,33,515,64,cotton,1,Coimbatore,3,17.0,16.0
892,5,9,25,34,487,29,cotton,1,Coimbatore,2,356.0,7543.0
893,5,9,23,31,681,28,cotton,1,Coimbatore,3,11.0,207.0
894,5,9,21,31,429,34,cotton,1,Coimbatore,2,31.0,15.0
895,5,9,22,32,348,47,cotton,1,Coimbatore,3,1971.0,1234.0
896,5,9,20,34,654,51,cotton,1,Coimbatore,2,62.0,127.0
897,5,9,19,33,498,67,cotton,1,Coimbatore,3,32.0,26.0
898,5,9,23,30,754,77,cotton,1,Coimbatore,2,27.0,54.0
899,5,9,22,35,648,69,cotton,1,Coimbatore,3,85768.0,68614.0
900,5,9,24,36,354,55,cotton,1,Coimbatore,2,17303.0,26335.0
901,5,9,25,34,514,62,cotton,1,Coimbatore,3,2510.0,1416.0
902,5,9,23,35,486,38,cotton,1,Coimbatore,2,6605.0,3137.0
903,5,9,22,34,346,29,cotton,1,Coimbatore,3,7777.0,57970.0
904,5,9,24,33,765,37,cotton,1,Coimbatore,2,129.0,81.0
905,5,9,22,32,845,26,cotton,1,Coimbatore,3,611.0,14317.0
906,5,9,23,36,675,44,cotton,1,Coimbatore,2,5.0,6.0
907,5,9,24,31,529,37,cotton,1,Coimbatore,3,822.0,1462.0
908,5,9,23,30,467,74,cotton,1,Coimbatore,2,12283.0,28558.0
909,5,9,24,34,529,43,cotton,1,Coimbatore,3,58.0,41.0
910,5,9,24,31,634,56,cotton,1,Coimbatore,2,11.0,10.0
911,5,9,26,32,721,69,cotton,1,Coimbatore,3,5911.0,2879.0
912,5,9,24,30,462,55,cotton,1,Coimbatore,2,1.0,9.0
913,5,9,24,33,385,43,cotton,1,Coimbatore,3,183.0,309.0
914,5,9,25,34,470,32,cotton,1,Coimbatore,2,3482.0,80532.0
915,5,9,23,35,515,52,cotton,1,Coimbatore,2,4.0,3.0
916,5,9,21,36,624,68,cotton,1,Coimbatore,3,62.0,39.0
917,5,9,22,31,764,74,cotton,1,Coimbatore,2,8661.0,483881.0
918,5,9,24,32,346,72,cotton,1,Coimbatore,3,9.0,3.0
919,5,9,25,33,497,69,cotton,1,Coimbatore,2,11447.0,5381.0
920,5,9,26,30,513,59,cotton,1,Coimbatore,3,552.0,3969000.0
921,5,9,24,36,628,47,cotton,1,Coimbatore,2,1971.0,1234.0
922,5,9,23,34,764,51,cotton,1,Coimbatore,3,7.0,3.0
923,5,9,24,32,324,43,cotton,1,Coimbatore,2,82.0,1179.0
924,5,9,125,33,467,47,cotton,1,Coimbatore,3,58.0,41.0
925,5,9,24,34,529,51,cotton,1,Coimbatore,2,1.0,9.0
926,5,9,23,35,619,67,cotton,1,Coimbatore,3,62.0,39.0
927,5,9,24,32,765,73,cotton,1,Coimbatore,2,37562.0,4845.0
928,5,9,24,34,876,48,cotton,1,Coimbatore,3,1752.0,1028.0
929,5,9,23,31,570,39,cotton,1,Coimbatore,2,320.0,7596.0
930,5,9,22,33,650,53,cotton,1,Coimbatore,3,10.0,123.0
931,5,9,26,31,529,48,cotton,1,Coimbatore,2,19.0,7.0
932,5,9,23,32,614,39,cotton,1,Coimbatore,3,10320.0,5903.0
933,5,9,24,34,529,34,cotton,1,Coimbatore,2,162.0,84.0
934,5,9,22,35,467,57,cotton,1,Coimbatore,3,73734.0,103779.0
935,5,9,23,33,745,49,cotton,1,Coimbatore,2,982.0,410.0
936,6,5,24,32,938,60,corn,0,Coimbatore,3,2799.0,11848.0
937,6,5,22,31,986,58,corn,0,Coimbatore,2,309.0,6886.0
938,6,5,21,33,859,77,corn,0,Coimbatore,3,550794.0,148714.0
939,6,5,19,34,675,49,corn,0,Coimbatore,2,3692.0,1658.0
940,6,5,20,35,770,84,corn,0,Coimbatore,1,13189.0,4234.0
941,6,5,24,29,967,67,corn,0,Coimbatore,2,416.0,3618.0
942,6,5,24,32,1054,57,corn,0,Coimbatore,3,16839.0,42687.0
943,6,5,21,30,1124,77,corn,0,Coimbatore,1,11278.0,70939.0
944,6,5,23,31,1200,47,corn,0,Coimbatore,2,15.0,106.0
945,6,5,25,33,674,57,corn,0,Coimbatore,3,2428.0,2994.0
946,6,5,25,34,958,81,corn,0,Coimbatore,1,1969.0,35214.0
947,6,5,26,32,830,67,corn,0,Coimbatore,2,25.0,2.0
948,6,5,22,33,786,63,corn,0,Coimbatore,3,31.0,49.0
949,6,5,23,34,698,75,corn,0,Coimbatore,1,374.0,29443.0
950,6,5,24,29,1245,54,corn,0,Coimbatore,2,1572.0,16416.0
951,6,5,22,30,1004,49,corn,0,Coimbatore,3,15.0,281.0
952,6,5,24,31,1137,68,corn,0,Coimbatore,1,1136.0,1713.0
953,6,5,22,32,988,54,corn,0,Coimbatore,2,22658.0,68155.0
954,6,5,25,30,875,77,corn,0,Coimbatore,3,2151.0,19520.0
955,6,5,24,29,768,48,corn,0,Coimbatore,1,691.0,606.0
956,6,5,22,29,679,67,corn,0,Coimbatore,2,44.0,50.0
957,6,5,26,34,901,61,corn,0,Coimbatore,3,30.0,2456.0
958,6,5,24,32,198,80,corn,0,Coimbatore,1,5066.0,1180.0
959,6,5,25,33,1167,57,corn,0,Coimbatore,2,15.0,43.0
960,6,5,26,35,1204,49,corn,0,Coimbatore,3,3976.0,113236.0
961,6,5,23,34,550,60,corn,0,Coimbatore,1,19.0,223.0
962,6,5,22,33,746,73,corn,0,Coimbatore,2,188.0,249.0
963,6,5,24,29,638,81,corn,0,Coimbatore,3,47.0,28.0
964,6,5,22,29,880,62,corn,0,Coimbatore,1,468.0,11108.0
965,6,5,23,30,930,51,corn,0,Coimbatore,2,2.0,25.0
966,6,5,24,31,1045,48,corn,0,Coimbatore,3,229.0,131.0
967,6,5,25,29,1138,75,corn,0,Coimbatore,1,8223.0,4251.0
968,6,5,26,33,1247,63,corn,0,Coimbatore,2,884.0,1244.0
969,6,5,25,35,801,52,corn,0,Coimbatore,3,234.0,263.0
970,6,5,24,32,938,60,corn,0,Coimbatore,1,124.0,387.0
971,6,5,24,32,945,74,corn,0,Coimbatore,2,68092.0,38676.0
972,6,5,24,32,938,60,corn,1,Coimbatore,3,14957.0,24679.0
973,6,5,22,31,986,58,corn,1,Coimbatore,1,8079.0,3700.0
974,6,5,21,33,859,77,corn,1,Coimbatore,2,5263.0,1368.0
975,6,5,19,34,675,49,corn,1,Coimbatore,3,4474.0,31618.0
976,6,5,20,35,770,84,corn,1,Coimbatore,1,586.0,481.0
977,6,5,24,29,967,67,corn,1,Coimbatore,2,297.0,6767.0
978,6,5,24,32,1054,57,corn,1,Coimbatore,3,2.0,2.0
979,6,5,21,30,1124,77,corn,1,Coimbatore,1,77.0,1442.0
980,6,5,23,31,1200,47,corn,1,Coimbatore,2,734.0,1122.0
981,6,5,25,33,674,57,corn,1,Coimbatore,3,6553.0,14377.0
982,6,5,25,34,958,81,corn,1,Coimbatore,1,310.0,87.0
983,6,5,26,32,830,67,corn,1,Coimbatore,2,47.0,41.0
984,6,5,22,33,786,63,corn,1,Coimbatore,3,3386.0,1642.0
985,6,5,23,34,698,75,corn,1,Coimbatore,1,4.0,44.0
986,6,5,24,29,1245,54,corn,1,Coimbatore,2,341.0,635.0
987,6,5,22,30,1004,49,corn,1,Coimbatore,3,4191.0,87055.0
988,6,5,24,31,1137,68,corn,1,Coimbatore,1,42.0,61.0
989,6,5,22,32,988,54,corn,1,Coimbatore,2,687.0,5756000.0
990,6,5,25,30,875,77,corn,1,Coimbatore,3,29211.0,82532.0
991,6,5,24,29,768,48,corn,1,Coimbatore,1,6100.0,900.0
992,6,5,22,29,679,67,corn,1,Coimbatore,2,1700.0,1900.0
993,6,5,26,34,901,61,corn,1,Coimbatore,3,600.0,800.0
994,6,5,24,32,198,80,corn,1,Coimbatore,1,234900.0,144200.0
995,6,5,25,33,1167,57,corn,1,Coimbatore,2,3100.0,2000.0
996,6,5,26,35,1204,49,corn,1,Coimbatore,3,2400.0,1500.0
997,6,5,23,34,550,60,corn,1,Coimbatore,1,100.0,300.0
998,6,5,22,33,746,73,corn,1,Coimbatore,2,200.0,100.0
999,6,5,24,29,638,81,corn,1,Coimbatore,3,2200.0,300.0
1000,6,5,22,29,880,62,corn,1,Coimbatore,1,10800.0,9900.0
1001,6,5,23,30,930,51,corn,1,Coimbatore,2,42300.0,84400.0
1002,6,5,24,31,1045,48,corn,1,Coimbatore,3,1300.0,200.0
1003,6,5,25,29,1138,75,corn,1,Coimbatore,1,400.0,100.0
1004,6,5,26,33,1247,63,corn,1,Coimbatore,2,29600.0,2775100.0
1005,6,5,25,35,801,52,corn,1,Coimbatore,3,1300.0,600.0
1006,6,5,24,32,938,60,corn,1,Coimbatore,1,3000.0,2100.0
1007,6,5,24,32,945,74,corn,1,Coimbatore,2,28300.0,69800.0
1008,6,4,26,33,115,62,soyabean,1,Theni,2,1200.0,400.0
1009,6,4,25,34,95,57,soyabean,1,Theni,2,1600.0,2300.0
1010,6,4,24,35,84,48,soyabean,1,Theni,2,57400.0,137400.0
1011,6,4,25,32,104,59,soyabean,1,Theni,2,900.0,400.0
1012,6,4,26,33,124,62,soyabean,1,Theni,2,6100.0,1000.0
1013,6,4,27,31,131,77,soyabean,1,Theni,2,1700.0,3400.0
1014,6,4,26,33,79,80,soyabean,1,Theni,2,200.0,100.0
1015,6,4,28,35,84,49,soyabean,1,Theni,2,600.0,900.0
1016,6,4,27,34,93,57,soyabean,1,Theni,2,235500.0,211000.0
1017,6,4,25,33,107,61,soyabean,1,Theni,2,3000.0,1700.0
1018,6,4,26,35,113,70,soyabean,1,Theni,2,2500.0,1400.0
1019,6,4,24,30,127,81,soyabean,1,Theni,2,100.0,100.0
1020,6,4,26,31,131,64,soyabean,1,Theni,2,100.0,300.0
1021,6,4,24,32,65,78,soyabean,1,Theni,2,300.0,200.0
1022,6,4,25,33,77,56,soyabean,1,Theni,2,2300.0,400.0
1023,6,4,26,34,88,49,soyabean,1,Theni,2,10800.0,11000.0
1024,6,4,26,34,91,79,soyabean,1,Theni,2,42000.0,105400.0
1025,6,4,27,35,105,80,soyabean,1,Theni,2,1500.0,300.0
1026,6,4,28,36,111,66,soyabean,1,Theni,2,400.0,100.0
1027,6,4,27,33,124,55,soyabean,1,Theni,2,1000.0,700.0
1028,6,4,26,32,137,45,soyabean,1,Theni,2,200.0,200.0
1029,6,4,25,33,141,74,soyabean,1,Theni,2,3200.0,4100.0
1030,6,4,26,34,154,68,soyabean,1,Theni,2,31100.0,83800.0
1031,6,4,27,35,73,77,soyabean,1,Theni,2,1100.0,800.0
1032,6,4,28,32,82,66,soyabean,1,Theni,2,100.0,300.0
1033,6,4,25,34,94,55,soyabean,1,Theni,2,1600.0,2700.0
1034,6,4,26,37,108,49,soyabean,1,Theni,2,62400.0,159200.0
1035,6,4,26,33,113,51,soyabean,1,Theni,2,300.0,100.0
1036,6,4,27,29,125,61,soyabean,1,Theni,2,800.0,300.0
1037,6,4,22,28,138,67,soyabean,1,Theni,2,34500.0,3377000.0
1038,6,4,26,31,147,73,soyabean,1,Theni,2,2531.0,2817.0
1039,6,4,27,33,84,68,soyabean,1,Theni,2,185.0,35.0
1040,6,4,24,32,94,81,soyabean,1,Theni,2,2.0,2.0
1041,6,4,25,31,114,66,soyabean,1,Theni,2,188615.0,79784.0
1042,6,4,27,33,119,71,soyabean,1,Theni,2,3350.0,1853.0
1043,6,4,24,29,124,64,soyabean,1,Theni,2,1360.0,797.0
1044,6,4,26,32,109,57,soyabean,1,Theni,2,181.0,514.0
1045,6,4,25,34,137,49,soyabean,1,Theni,2,5096.0,637.0
1046,6,4,26,31,114,62,soyabean,1,Theni,2,159.0,113.0
1047,6,4,22,30,94,68,soyabean,1,Theni,2,8199.0,5666.0
1048,6,4,26,36,115,73,soyabean,1,Theni,2,37542.0,75477.0
1049,6,4,22,31,87,55,soyabean,1,Theni,2,484.0,117.0
1050,6,4,25,32,134,62,soyabean,1,Theni,2,1207.0,700.0
1051,6,4,28,37,127,69,soyabean,1,Theni,2,120.0,73.0
1052,6,4,25,34,117,72,soyabean,1,Theni,2,68.0,76.0
1053,6,4,26,33,134,77,soyabean,1,Theni,2,1.0,1.0
1054,6,4,21,29,87,57,soyabean,1,Theni,2,26755.0,63383.0
1055,6,4,24,33,115,62,soyabean,1,Theni,2,2034.0,620.0
1056,6,4,23,32,984,66,soyabean,0,Madurai,2,39.0,40.0
1057,6,4,25,37,864,65,soyabean,0,Madurai,2,28.0,2.0
1058,6,4,24,34,1200,65,soyabean,0,Madurai,2,67.0,324.0
1059,6,4,25,33,1400,66,soyabean,0,Madurai,2,85.0,23.0
1060,6,4,24,29,698,68,soyabean,0,Madurai,2,1354.0,1887.0
1061,6,4,24,28,1100,67,soyabean,0,Madurai,2,37489.0,76800.0
1062,6,4,26,31,1056,67,soyabean,0,Madurai,2,587.0,135.0
1063,6,4,25,33,964,78,soyabean,0,Madurai,2,70.0,46.0
1064,6,4,26,32,1045,85,soyabean,0,Madurai,2,3370.0,4968.0
1065,6,4,25,31,1400,65,soyabean,0,Madurai,2,548.0,8149.0
1066,6,4,26,33,698,54,soyabean,0,Madurai,2,44929.0,4097998.0
1067,6,4,24,29,1100,77,soyabean,0,Madurai,2,17.0,17.0
1068,6,4,24,32,866,64,soyabean,0,Madurai,2,6032.0,2172.0
1069,6,4,25,34,945,78,soyabean,0,Madurai,2,3771.0,4936.0
1070,6,4,23,31,1200,56,soyabean,0,Madurai,2,546.0,166.0
1071,6,4,22,30,1055,64,soyabean,0,Madurai,2,19.0,25.0
1072,6,4,25,36,999,79,soyabean,0,Madurai,2,522.0,770.0
1073,6,4,22,31,1006,80,soyabean,0,Madurai,2,6.0,5.0
1074,6,4,24,32,999,66,soyabean,0,Madurai,2,192106.0,218617.0
1075,6,4,22,33,875,54,soyabean,0,Madurai,2,3774.0,2004.0
1076,6,4,26,37,955,49,soyabean,0,Madurai,2,3556.0,2703.0
1077,6,4,25,34,1054,74,soyabean,0,Madurai,2,13.0,9.0
1078,6,4,26,29,1099,81,soyabean,0,Madurai,2,357.0,930.0
1079,6,4,24,31,865,67,soyabean,0,Madurai,2,6.0,53.0
1080,6,4,25,30,999,52,soyabean,0,Madurai,2,138.0,61.0
1081,6,4,27,34,864,48,soyabean,0,Madurai,2,286.0,3991.0
1082,6,4,26,35,1200,71,soyabean,0,Madurai,2,2988.0,650.0
1083,6,4,25,36,1400,80,soyabean,0,Madurai,2,1653.0,464.0
1084,6,4,24,33,698,63,soyabean,0,Madurai,2,11350.0,12133.0
1085,6,4,23,31,774,58,soyabean,0,Madurai,2,33776.0,89236.0
1086,6,4,24,30,1056,47,soyabean,0,Madurai,2,2348.0,587.0
1087,6,4,23,29,857,61,soyabean,0,Madurai,2,432.0,100.0
1088,6,4,22,28,1045,77,soyabean,0,Madurai,2,2361.0,596.0
1089,6,4,24,31,1207,80,soyabean,0,Madurai,2,535.0,449.0
1090,6,4,26,32,698,54,soyabean,0,Madurai,2,120.0,7.0
1091,6,4,24,32,786,77,soyabean,0,Madurai,2,393.0,514.0
1092,6,4,25,34,866,64,soyabean,0,Madurai,2,2676.0,3056.0
1093,6,4,27,33,945,49,soyabean,0,Madurai,2,22396.0,60156.0
1094,6,4,25,30,1075,81,soyabean,0,Madurai,2,1509.0,318.0
1095,6,4,23,32,1137,66,soyabean,0,Madurai,2,54.0,65.0
1096,6,4,27,35,1245,74,soyabean,0,Madurai,2,30.0,6.0
1097,6,4,26,34,957,80,soyabean,0,Madurai,2,56.0,302.0
1098,6,4,24,32,888,66,soyabean,0,Madurai,2,42.0,14.0
1099,6,4,25,31,774,75,soyabean,0,Madurai,2,230.0,5494.0
1100,6,4,23,30,1065,71,soyabean,0,Madurai,2,13.0,2.0
1101,6,4,24,29,1179,66,soyabean,0,Madurai,2,13.0,2.0
1102,6,4,22,28,1245,57,soyabean,0,Madurai,2,1667.0,2405.0
1103,6,4,25,32,999,66,soyabean,0,Madurai,2,2.0,1.0
1104,6,4,23,32,984,66,soyabean,1,Madurai,2,41442.0,97181.0
1105,6,4,25,37,864,65,soyabean,1,Madurai,2,735.0,154.0
1106,6,4,24,34,1200,65,soyabean,1,Madurai,2,168.0,135.0
1107,6,4,25,33,1400,66,soyabean,1,Madurai,2,5.0,3.0
1108,6,4,24,29,698,68,soyabean,1,Madurai,2,953.0,19033.0
1109,6,4,24,28,1100,67,soyabean,1,Madurai,2,126.0,27.0
1110,6,4,26,31,1056,67,soyabean,1,Madurai,2,4011.0,17215660.0
1111,6,4,25,33,964,78,soyabean,1,Madurai,2,60.0,19.0
1112,6,4,26,32,1045,85,soyabean,1,Madurai,2,957.0,8177.0
1113,6,4,25,31,1400,65,soyabean,1,Madurai,2,40539.0,3697441.0
1114,6,4,26,33,698,54,soyabean,1,Madurai,2,163.0,2203.0
1115,6,4,24,29,1100,77,soyabean,1,Madurai,2,1.0,8.0
1116,6,4,24,32,866,64,soyabean,1,Madurai,2,14.0,13.0
1117,6,4,25,34,945,78,soyabean,1,Madurai,2,89.0,620.0
1118,6,4,23,31,1200,56,soyabean,1,Madurai,2,5403.0,924.0
1119,6,4,22,30,1055,64,soyabean,1,Madurai,2,2934.0,3556.0
1120,6,4,25,36,999,79,soyabean,1,Madurai,2,313.0,88.0
1121,6,4,22,31,1006,80,soyabean,1,Madurai,2,2.0,2.0
1122,6,4,24,32,999,66,soyabean,1,Madurai,2,443.0,641.0
1123,6,4,22,33,875,54,soyabean,1,Madurai,2,5.0,6.0
1124,6,4,26,37,955,49,soyabean,1,Madurai,2,171365.0,125096.0
1125,6,4,25,34,1054,74,soyabean,1,Madurai,2,2373.0,1241.0
1126,6,4,26,29,1099,81,soyabean,1,Madurai,2,2400.0,2174.0
1127,6,4,24,31,865,67,soyabean,1,Madurai,2,13.0,10.0
1128,6,4,25,30,999,52,soyabean,1,Madurai,2,294.0,786.0
1129,6,4,27,34,864,48,soyabean,1,Madurai,2,5.0,43.0
1130,6,4,26,35,1200,71,soyabean,1,Madurai,2,225.0,109.0
1131,6,4,25,36,1400,80,soyabean,1,Madurai,2,248.0,3441.0
1132,6,4,24,33,698,63,soyabean,1,Madurai,2,2351.0,654.0
1133,6,4,23,31,774,58,soyabean,1,Madurai,2,11835.0,8758.0
1134,6,4,24,30,1056,47,soyabean,1,Madurai,2,24377.0,55311.0
1135,6,4,23,29,857,61,soyabean,1,Madurai,2,1976.0,522.0
1136,6,4,22,28,1045,77,soyabean,1,Madurai,2,162.0,27.0
1137,6,4,24,31,1207,80,soyabean,1,Madurai,2,1989.0,532.0
1138,6,4,26,32,698,54,soyabean,1,Madurai,2,1358.0,1177.0
1139,6,4,24,32,786,77,soyabean,1,Madurai,2,141.0,51.0
1140,6,4,25,34,866,64,soyabean,1,Madurai,2,258.0,313.0
1141,6,4,27,33,945,49,soyabean,1,Madurai,2,2958.0,4609.0
1142,6,4,25,30,1075,81,soyabean,1,Madurai,2,21443.0,59311.0
1143,6,4,23,32,1137,66,soyabean,1,Madurai,2,1569.0,849.0
1144,6,4,27,35,1245,74,soyabean,1,Madurai,2,46.0,67.0
1145,6,4,26,34,957,80,soyabean,1,Madurai,2,21.0,5.0
1146,6,4,24,32,888,66,soyabean,1,Madurai,2,81.0,524.0
1147,6,4,25,31,774,75,soyabean,1,Madurai,2,82.0,25.0
1148,6,4,23,30,1065,71,soyabean,1,Madurai,2,304.0,6772.0
1149,6,4,24,29,1179,66,soyabean,1,Madurai,2,1776.0,2366.0
1150,6,4,22,28,1245,57,soyabean,1,Madurai,2,62049.0,170573.0
1151,6,4,25,32,999,66,soyabean,1,Madurai,2,442.0,214.0
